CERTIFICATE ID,FACULTY ID,FACULTY NAME,FDP / PROGRAM NAME,PROGRAM INSTITUTION,PROGRAM TYPE,START DATE,END DATE,NUMBER OF DAYS,CERTIFICATE LINK,EXTRACTED DETAILS,ATTENDANCE STATUS,TIMELINE MATCH,VERIFICATION RESULT,VERIFICATION REASON,SUBMITTED DATE
CERT-001,F012,Dr. Sushma B,Quantum Computing: A  Practical Approach,Ramaiah Institute of Technology,INTERNAL,07/07/2025,11/07/2025,5,https://drive.google.com/u/0/open?usp=forms_web&id=1XXMet48aQsUbvWBNCLygEK0TSM5yP9lg,,,,,,23/10/2025
CERT-002,F012,Dr. Sushma B,Adaptive Learning for  Engineering courses through AI and Analytics,Ramaiah Institute of Technology,INTERNAL,14/07/2025,18/07/2025,5,https://drive.google.com/u/0/open?usp=forms_web&id=1XvX08Z-nlVEK8pMoeZnvXhzOkHpnFAk6,,,,,,23/10/2025
CERT-003,F012,Dr. Sushma B,Future Prospects of Green Technologies with AI and ML Applications,NIT,EXTERNAL,14/07/2025,25/07/2025,12,https://drive.google.com/u/0/open?usp=forms_web&id=12N-Byl2U7YILc9uGgSOcK1Tc5pGDWZUy,,,,,,23/10/2025
CERT-004,F015,Dr. Mallegowda M.,Adaptive learning for Engineering courses through AI and Analytics,MSRIT,INTERNAL,14/07/2025,18/07/2025,5,https://drive.google.com/u/0/open?usp=forms_web&id=1lQmaLcFmlXo4ang0ImN5IGyU69f75Wjp,,,,,,23/10/2025
CERT-005,F015,Dr. Mallegowda M.,Workshop on Machine Learning,BITS Pilani Hyderabad Campus,EXTERNAL,17/07/2025,18/07/2025,2,https://drive.google.com/u/0/open?usp=forms_web&id=1gRgwufjhuGSaHcrUcBt77Ag5E9NVumA5,,,,,,23/10/2025
CERT-006,F015,Dr. Mallegowda M.,Federated Learning for Secure and Privacy Preserving Artificial Intelligence,5,EXTERNAL,28/07/2025,01/08/2025,5,https://drive.google.com/u/0/open?usp=forms_web&id=1xICPniVIcyApyeACsssq_R1QffCNhEXi,,,,,,23/10/2025
CERT-007,F027,Priya K,Adaptive Learning for Engineering Courses through AI and Analytics,MSRIT,INTERNAL,14/07/2025,18/07/2025,5,https://drive.google.com/u/0/open?usp=forms_web&id=1NpqKhi4uhS3taxE1DnF1XDZMzLfzkUtO,,,,,,23/10/2025
CERT-008,F027,Priya K,ARTIFICIAL INTELLIGENCE,TCS COMPANY,EXTERNAL,18/08/2025,17/09/2025,31,https://drive.google.com/u/0/open?usp=forms_web&id=1kGkr51tvC1iA4zj-MGw-a1CFFczIB14i,,,,,,23/10/2025
CERT-009,F021,Dr. Akshata S. Bhayyar,Adaptive Learning for  Engineering courses through AI and Analytics,Ramaiah Institute of Technology,INTERNAL,14/07/2025,18/07/2025,5,https://drive.google.com/u/0/open?usp=forms_web&id=1qwPcOqubvXWr-8doj_XgEIQKXAr6EBO7,,,,,,27/10/2025
CERT-010,F021,Dr. Akshata S. Bhayyar,Future Prospects of Green Technologies with AI and ML Applications,"NIT, Patna",EXTERNAL,14/07/2025,25/10/2025,104,https://drive.google.com/u/0/open?usp=forms_web&id=1g8nhqRLguqJc2FmrgaxJymq_eidjhJgk,,,,,,27/10/2025
CERT-011,F019,Nandini S B,Adaptive Learning for Engineering courses through AI and Analytics,RIT,INTERNAL,14/07/2025,18/07/2025,5,https://drive.google.com/u/0/open?usp=forms_web&id=1_aTuGcbVTTmBXnilBmNNZsgqFqafrqVu,,,,,,27/10/2025
CERT-012,F025,Akshatha Kamath,ADAPTIVE LEARNING FOR ENGINEERING COURSES THROUGH AI AND ANALYTICS,RIT,INTERNAL,14/07/2025,18/07/2025,5,https://drive.google.com/u/0/open?usp=forms_web&id=1MVQy9a2jiQnNcqHNXtJxfK-sYaL6GKZ7,,,,,,27/10/2025
CERT-013,F021,Dr. Akshata S. Bhayyar,AI-Driven Innovations in Healthcare System,RIT,INTERNAL,02/02/2026,06/03/2026,33,https://drive.google.com/u/0/open?usp=forms_web&id=15q3dpZw5t7GAb04uE8PBMb04etcW7sPX,,,,,,24/03/2026
CERT-014,F027,Priya K,AI-DRIVEN INNOVATIONS IN HEALTHCARE SYSTEMS,RIT,INTERNAL,02/02/2026,06/02/2026,5,https://drive.google.com/u/0/open?usp=forms_web&id=1gWU9ImijDvLEa0G-w7-3LcsqnL73V1U7,,,,,,24/03/2026
CERT-015,F011,Dr. Ganeshayya Shidaganti,"One Week FDP on ""Next-Generation Computing: Convergence of Quantum Technologies , AI and Quantum Machine Learning",BMS College of Engineering Bangalore,EXTERNAL,09/02/2026,13/02/2026,5,https://drive.google.com/u/0/open?usp=forms_web&id=18lSrz5vOKiBQe2PBcVcxmc3T7uoxEM1x,,,,,,24/03/2026
CERT-016,F011,Dr. Ganeshayya Shidaganti,“Empowering Educators through Emerging Technologies in the IT Industry”,Tata Consultancy Services (TCS)- BMSCE,EXTERNAL,28/07/2025,01/08/2025,5,https://drive.google.com/u/0/open?usp=forms_web&id=18q9YSBettFlyNr7OkWaXppO6fjLJNc9v,,,,,,24/03/2026
CERT-017,F012,Dr. Sushma B,AI/ML - Based Controller Design and Deployment on Real-Time Platforms (AMCDDRP - 2025),National Institute of Technology,EXTERNAL,05/11/2025,09/11/2025,5,https://drive.google.com/u/0/open?usp=forms_web&id=1ktKk-5rC_eGF6MK6GNswDXC5STzRNGvW,,,,,,24/03/2026
CERT-018,F012,Dr. Sushma B,Digital Forensics in Cyber Security,ALL INDIA COUNCIL FOR TECHNICAL EDUCATION,EXTERNAL,05/01/2026,10/01/2026,6,https://drive.google.com/u/0/open?usp=forms_web&id=1ZUoNAx1T4I_7PhZki0j33A_H1X8byIPK,,,,,,24/03/2026
CERT-019,F012,Dr. Sushma B,AI- Driven Innovations in Healthcare Systems,Ramaiah Institute of Technology,INTERNAL,02/02/2026,06/02/2026,5,https://drive.google.com/u/0/open?usp=forms_web&id=1Rp8wDcLgaRgYy1waOpvE_kNzBKBZqQoh,,,,,,24/03/2026
CERT-020,F003,Dr. Shilpa Shashikant Chaudhari,Quantum Computation,"Jointly organized by E & ICT Academy, MNIT Jaipur and Andhra Pradesh State Council of Higher Education (APSCHE).",EXTERNAL,08/12/2025,31/12/2025,24,https://drive.google.com/u/0/open?usp=forms_web&id=1EiHpk-o9YHwEbXKuVMbebpIUIJ9H9-wf,,,,,,25/03/2026
CERT-021,F031,Swetha M,"Federated Learning: Foundations, Frameworks, and Future Directions",Ramaiah Institute of Technology,INTERNAL,05/01/2026,09/01/2026,5,https://drive.google.com/u/0/open?usp=forms_web&id=1dvPUAK8c50IWaVLtwTA0eagM1JttEo4V,,,,,,25/03/2026
CERT-022,F031,Swetha M,Hands-On Agentic AI Building Autonomous Systems,Ramaiah Institute of Technology,INTERNAL,27/01/2026,31/01/2026,5,https://drive.google.com/u/0/open?usp=forms_web&id=1JboRAj55nUjXq4fSx3Z9WDBsfJ22igTb,,,,,,25/03/2026
CERT-023,F031,Swetha M,AI–Driven Innovations in Healthcare Systems,Ramaiah Institute of Technology,INTERNAL,02/02/2026,06/02/2026,5,https://drive.google.com/u/0/open?usp=forms_web&id=1NJ2GxRsWCs_d22JHDqe9u70u-mzu6ehD,,,,,,25/03/2026
CERT-024,F010,Dr Sangeetha.V,IGNITE: Innovation and Entrepreneurship Development” (IGNITE–IED),"IEEE WIE India Council Under the Golden Jubilee Celebrations of IEEE India Council  In collaboration with  SAC, IEEE Hyderabad Section and SAC & WIE, IEEE Delhi Section",EXTERNAL,23/02/2026,27/03/2026,33,https://drive.google.com/u/0/open?usp=forms_web&id=14D4a1BpxWOHi1FVnnGu7UzBsFLM66w52,,,,,,26/03/2026
CERT-025,F021,Dr. Akshata S. Bhayyar,Full Stack Development using MERN,SwipeGen,EXTERNAL,10/03/2026,14/03/2026,5,https://drive.google.com/u/0/open?usp=forms_web&id=1IfpDlyyMSoOKenOXT22kO5O2IiM9vaFJ,,,,,,26/03/2026
CERT-026,F025,Akshatha Kamath,Empowering Educators through Emerging IT  Technologies,"Department of Computer Science and Business Systems,  B.M.S. College of Engineering, Bengaluru,in collaberation with TCS",EXTERNAL,28/07/2026,01/08/2026,5,https://drive.google.com/u/0/open?usp=forms_web&id=1PKBX9nT1bLOJbpD-q6qOWObUt520xVuZ,,,,,,26/03/2026
CERT-027,F025,Akshatha Kamath,Future Prospects of Green Technologies with AI and ML Applications”,"Electronics and ICT  Academy, NIT Patna",EXTERNAL,14/07/2025,25/07/2025,12,https://drive.google.com/u/0/open?usp=forms_web&id=1wXZ3ccJU7wmL21shaZmVMm7DxmnuL_q0,,,,,,26/03/2026
CERT-028,F031,Swetha M,"Quantum Computing as a Cloud Service (QCaaS): Tools, Algorithms, and Use Cases",Ramaiah Institute of Technology,INTERNAL,02/02/2026,06/02/2026,5,https://drive.google.com/u/0/open?usp=forms_web&id=1LEuyO7SP3waTocyD-8ZaJ1TCPCzj1_gv,,,,,,27/03/2026
CERT-029,F015,Dr. Mallegowda M.,AI – DRIVEN INNOVATIONS IN HEALTHCARE SYSTEMS,MSRIT Bangalore,INTERNAL,02/02/2026,06/02/2026,5,https://drive.google.com/u/0/open?usp=forms_web&id=1JqXUHa1ISS9yTLoBtRXkrzaqutq4M23Y,,,,,,28/03/2026
CERT-030,F015,Dr. Mallegowda M.,Next-Gen Cybersecurity: Challenges and Strategies in the AI Era,RVITM,EXTERNAL,17/11/2025,22/11/2025,6,https://drive.google.com/u/0/open?usp=forms_web&id=1CVDLtZoPyqBoxgQH6N0V-4fVTCG619A5,,,,,,28/03/2026
CERT-031,F022,Mamatha A,AI-Driven Innovations in Healthcare Systems,Ramaiah Institute of Technology,INTERNAL,02/02/2026,06/02/2026,5,https://drive.google.com/u/0/open?usp=forms_web&id=1-dDnNtf-neie460tXe6KAWfUxc5-NOgQ,,,,,,01/04/2026
CERT-032,F011,Dr. Ganeshayya Shidaganti,Foundations of Ethical AI,IIIT-H | International Institute of Information Technology - Hyderabad,EXTERNAL,16/06/2026,19/06/2026,4,https://drive.google.com/u/0/open?usp=forms_web&id=19ffqleQnpw_ZJtC9W1MUlxRi9q6-D1zh,,,,,,20/06/2026
CERT-033,F027,Priya K,NextGenerationDataScience:AIDrivenAnalyticsandScalableComputing,JAIN,EXTERNAL,29/06/2026,03/07/2026,5,https://drive.google.com/u/0/open?usp=forms_web&id=1xwG-RdnjBECkk8pXC_XxQeMwbTKfUrpN,,,,,,11/08/2026
CERT-034,F027,Priya K,Generative AI  for innovative research and intelligent probling solving,RIT,INTERNAL,06/07/2026,10/07/2026,5,https://drive.google.com/u/0/open?usp=forms_web&id=1l3S30rLka3EDHBGYO3gTNOeL9pLGPwaG,,,,,,11/08/2026
CERT-035,F012,Dr. Sushma B,Generative Al for Innovative Research and Intelligent Problem Solving,Ramaiah Institute of Technology,INTERNAL,06/07/2026,10/07/2026,5,https://drive.google.com/u/0/open?usp=forms_web&id=1OZGVqyOwY3zHrabp2Ay9HelnuL7ipy5_,,,,,,11/08/2026
CERT-036,F013,Dr. DEVARAJU B M,Agentic AI in Practice: Building and Orchestrating Intelligent Agent,MSRIT,INTERNAL,13/07/2026,17/07/2026,5,https://drive.google.com/u/0/open?usp=forms_web&id=1AOzeApaWFGaTk9ics1Iq86Ne43M1TwyS,,,,,,11/08/2026
CERT-037,F013,Dr. DEVARAJU B M,Generative AI for Innovative Research and Intelligent Problem Solving,MSRIT,INTERNAL,06/07/2026,10/07/2026,5,https://drive.google.com/u/0/open?usp=forms_web&id=1-_Urh_7tAOX-F71CVpq_7JjoJapawJcl,,,,,,11/08/2026
CERT-038,F013,Dr. DEVARAJU B M,Hands on Generative AI: Bootcamp with Modern LLMs,MSRIT,INTERNAL,15/06/2026,19/06/2026,5,https://drive.google.com/u/0/open?usp=forms_web&id=1wSWbMEZSjnTHDKEbmFcnJimV4cYsSSwh,,,,,,11/08/2026
CERT-039,F032,Sahil Kumar Jamwal,"Emerging Technologies - RIS, Energy Harvesting,  Wideband and THz - for Futuristic Wireless Communications",Ramaiah Institute of Technology,INTERNAL,03/08/2026,07/08/2026,5,https://drive.google.com/u/0/open?usp=forms_web&id=1uBFaxudURxJLvLXTg63QcCJ0qMf41TrR,,,,,,12/08/2026
CERT-040,F007,Dr. S. Rajarajeswari,MATHEMATICS IN THE AGE OF ARTIFICIAL INTELLIGENCE AND QUANTUM COMPUTING,Ramaiah Institute of Technology,INTERNAL,13/07/2026,18/07/2026,6,https://drive.google.com/u/0/open?usp=forms_web&id=1lSZyqREJv08G8iZn3JuDgNk5p9NiHOK_,,,,,,14/08/2026
CERT-041,F007,Dr. S. Rajarajeswari,MAthematics in the Age of Artificial Intelligence and Quantum Computing.,MSRIT,INTERNAL,13/07/2026,18/08/2026,37,https://drive.google.com/u/0/open?usp=forms_web&id=1Go5qlnFvMF_WT2jUtrfGMxa-9IarfVYo,,,,,,14/08/2026
CERT-042,F007,Dr. S. Rajarajeswari,Generative AI for Innovative Research and Intelligent Problem solving,MSRIT,INTERNAL,06/07/2026,10/07/2026,5,https://drive.google.com/u/0/open?usp=forms_web&id=1wUxS8mHm9A236fL7Os7TevVpTS7b83uc,,,,,,14/08/2026
