FACULTY ID,FACULTY NAME
F001,Dr. S. Seema
F002,Dr. Monica R. Mundada
F003,Dr. Shilpa Shashikant Chaudhari
F004,Dr. Geetha J.
F005,Nagabhushan A. M
F006,Dr. T.N.R.Kumar
F007,Dr. S. Rajarajeswari
F008,Dr. J Sangeetha
F009,Dr. Dayananda R. B.
F010,Dr Sangeetha.V
F011,Dr. Ganeshayya Shidaganti
F012,Dr. Sushma B
F013,Dr. DEVARAJU B M
F014,Veena G.S.
F015,Dr. Mallegowda M.
F016,Dr. Chandrika Prasad
F017,Pradeep Kumar D.
F018,Darshana A. Naik
F019,Nandini S B
F020,Soumya C S
F021,Dr. Akshata S. Bhayyar
F022,Mamatha A
F023,Vishwachetan D
F024,Pallavi N
F025,Akshatha Kamath
F026,Dr. Manjula R Chougala
F027,Priya K
F028,Brunda G
F029,Uzma Sulthana
F030,Uzma Taj
F031,Swetha M
F032,Sahil Kumar Jamwal