is_internal,duration_days,claimed_days,timeline_match,faculty_matched,cert_details_completeness,ood_count,present_count,holiday_count,casual_leave_count,emergency_leave_count,unpaid_leave_count,vacation_count,conflict_days_count,missing_days_count,is_month_missing,attendance_coverage,label
0,1,1,1,1,1.0,1,0,0,0,0,0,0,0,0,0,1.0,VALID
0,1,1,1,1,1.0,1,0,0,0,0,0,0,0,0,0,1.0,VALID
0,1,1,1,1,1.0,1,0,0,0,0,0,0,0,0,0,1.0,VALID
0,1,1,1,1,1.0,1,0,0,0,0,0,0,0,0,0,1.0,VALID
0,1,1,1,1,1.0,1,0,0,0,0,0,0,0,0,0,1.0,VALID
0,1,1,1,1,1.0,1,0,0,0,0,0,0,0,0,0,1.0,VALID
0,1,1,1,1,1.0,1,0,0,0,0,0,0,0,0,0,1.0,VALID
0,1,1,1,1,1.0,1,0,0,0,0,0,0,0,0,0,1.0,VALID
0,1,1,1,1,1.0,1,0,0,0,0,0,0,0,0,0,1.0,VALID
0,1,1,1,1,1.0,1,0,0,0,0,0,0,0,0,0,1.0,VALID
0,1,1,1,1,1.0,1,0,0,0,0,0,0,0,0,0,1.0,VALID
0,1,1,1,1,1.0,1,0,0,0,0,0,0,0,0,0,1.0,VALID
0,1,1,1,1,1.0,1,0,0,0,0,0,0,0,0,0,1.0,VALID
0,1,1,1,1,1.0,1,0,0,0,0,0,0,0,0,0,1.0,VALID
0,1,1,1,1,1.0,1,0,0,0,0,0,0,0,0,0,1.0,VALID
0,2,2,1,1,1.0,2,0,0,0,0,0,0,0,0,0,1.0,VALID
0,2,2,1,1,1.0,2,0,0,0,0,0,0,0,0,0,1.0,VALID
0,2,2,1,1,1.0,2,0,0,0,0,0,0,0,0,0,1.0,VALID
0,2,2,1,1,1.0,2,0,0,0,0,0,0,0,0,0,1.0,VALID
0,2,2,1,1,1.0,2,0,0,0,0,0,0,0,0,0,1.0,VALID
0,2,2,1,1,1.0,2,0,0,0,0,0,0,0,0,0,1.0,VALID
0,2,2,1,1,1.0,2,0,0,0,0,0,0,0,0,0,1.0,VALID
0,2,2,1,1,1.0,2,0,0,0,0,0,0,0,0,0,1.0,VALID
0,2,2,1,1,1.0,2,0,0,0,0,0,0,0,0,0,1.0,VALID
0,2,2,1,1,1.0,2,0,0,0,0,0,0,0,0,0,1.0,VALID
0,2,2,1,1,1.0,2,0,0,0,0,0,0,0,0,0,1.0,VALID
0,2,2,1,1,1.0,2,0,0,0,0,0,0,0,0,0,1.0,VALID
0,2,2,1,1,1.0,2,0,0,0,0,0,0,0,0,0,1.0,VALID
0,2,2,1,1,1.0,2,0,0,0,0,0,0,0,0,0,1.0,VALID
0,2,2,1,1,1.0,2,0,0,0,0,0,0,0,0,0,1.0,VALID
0,3,3,1,1,1.0,3,0,0,0,0,0,0,0,0,0,1.0,VALID
0,3,3,1,1,1.0,3,0,0,0,0,0,0,0,0,0,1.0,VALID
0,3,3,1,1,1.0,3,0,0,0,0,0,0,0,0,0,1.0,VALID
0,3,3,1,1,1.0,3,0,0,0,0,0,0,0,0,0,1.0,VALID
0,3,3,1,1,1.0,3,0,0,0,0,0,0,0,0,0,1.0,VALID
0,3,3,1,1,1.0,3,0,0,0,0,0,0,0,0,0,1.0,VALID
0,3,3,1,1,1.0,3,0,0,0,0,0,0,0,0,0,1.0,VALID
0,3,3,1,1,1.0,3,0,0,0,0,0,0,0,0,0,1.0,VALID
0,3,3,1,1,1.0,3,0,0,0,0,0,0,0,0,0,1.0,VALID
0,3,3,1,1,1.0,3,0,0,0,0,0,0,0,0,0,1.0,VALID
0,3,3,1,1,1.0,3,0,0,0,0,0,0,0,0,0,1.0,VALID
0,3,3,1,1,1.0,3,0,0,0,0,0,0,0,0,0,1.0,VALID
0,3,3,1,1,1.0,3,0,0,0,0,0,0,0,0,0,1.0,VALID
0,3,3,1,1,1.0,3,0,0,0,0,0,0,0,0,0,1.0,VALID
0,3,3,1,1,1.0,3,0,0,0,0,0,0,0,0,0,1.0,VALID
0,5,5,1,1,1.0,5,0,0,0,0,0,0,0,0,0,1.0,VALID
0,5,5,1,1,1.0,5,0,0,0,0,0,0,0,0,0,1.0,VALID
0,5,5,1,1,1.0,5,0,0,0,0,0,0,0,0,0,1.0,VALID
0,5,5,1,1,1.0,5,0,0,0,0,0,0,0,0,0,1.0,VALID
0,5,5,1,1,1.0,5,0,0,0,0,0,0,0,0,0,1.0,VALID
0,5,5,1,1,1.0,5,0,0,0,0,0,0,0,0,0,1.0,VALID
0,5,5,1,1,1.0,5,0,0,0,0,0,0,0,0,0,1.0,VALID
0,5,5,1,1,1.0,5,0,0,0,0,0,0,0,0,0,1.0,VALID
0,5,5,1,1,1.0,5,0,0,0,0,0,0,0,0,0,1.0,VALID
0,5,5,1,1,1.0,5,0,0,0,0,0,0,0,0,0,1.0,VALID
0,5,5,1,1,1.0,5,0,0,0,0,0,0,0,0,0,1.0,VALID
0,5,5,1,1,1.0,5,0,0,0,0,0,0,0,0,0,1.0,VALID
0,5,5,1,1,1.0,5,0,0,0,0,0,0,0,0,0,1.0,VALID
0,5,5,1,1,1.0,5,0,0,0,0,0,0,0,0,0,1.0,VALID
0,5,5,1,1,1.0,5,0,0,0,0,0,0,0,0,0,1.0,VALID
0,7,7,1,1,1.0,5,0,2,0,0,0,0,0,0,0,1.0,VALID
0,7,7,1,1,1.0,5,0,2,0,0,0,0,0,0,0,1.0,VALID
0,7,7,1,1,1.0,5,0,2,0,0,0,0,0,0,0,1.0,VALID
0,7,7,1,1,1.0,5,0,2,0,0,0,0,0,0,0,1.0,VALID
0,7,7,1,1,1.0,5,0,2,0,0,0,0,0,0,0,1.0,VALID
0,7,7,1,1,1.0,5,0,2,0,0,0,0,0,0,0,1.0,VALID
0,7,7,1,1,1.0,5,0,2,0,0,0,0,0,0,0,1.0,VALID
0,7,7,1,1,1.0,5,0,2,0,0,0,0,0,0,0,1.0,VALID
0,7,7,1,1,1.0,5,0,2,0,0,0,0,0,0,0,1.0,VALID
0,7,7,1,1,1.0,5,0,2,0,0,0,0,0,0,0,1.0,VALID
0,7,7,1,1,1.0,5,0,2,0,0,0,0,0,0,0,1.0,VALID
0,7,7,1,1,1.0,5,0,2,0,0,0,0,0,0,0,1.0,VALID
0,7,7,1,1,1.0,5,0,2,0,0,0,0,0,0,0,1.0,VALID
0,7,7,1,1,1.0,5,0,2,0,0,0,0,0,0,0,1.0,VALID
0,7,7,1,1,1.0,5,0,2,0,0,0,0,0,0,0,1.0,VALID
0,10,10,1,1,1.0,8,0,2,0,0,0,0,0,0,0,1.0,VALID
0,10,10,1,1,1.0,8,0,2,0,0,0,0,0,0,0,1.0,VALID
0,10,10,1,1,1.0,8,0,2,0,0,0,0,0,0,0,1.0,VALID
0,10,10,1,1,1.0,8,0,2,0,0,0,0,0,0,0,1.0,VALID
0,10,10,1,1,1.0,8,0,2,0,0,0,0,0,0,0,1.0,VALID
0,10,10,1,1,1.0,8,0,2,0,0,0,0,0,0,0,1.0,VALID
0,10,10,1,1,1.0,8,0,2,0,0,0,0,0,0,0,1.0,VALID
0,10,10,1,1,1.0,8,0,2,0,0,0,0,0,0,0,1.0,VALID
0,10,10,1,1,1.0,8,0,2,0,0,0,0,0,0,0,1.0,VALID
0,10,10,1,1,1.0,8,0,2,0,0,0,0,0,0,0,1.0,VALID
0,10,10,1,1,1.0,8,0,2,0,0,0,0,0,0,0,1.0,VALID
0,10,10,1,1,1.0,8,0,2,0,0,0,0,0,0,0,1.0,VALID
0,10,10,1,1,1.0,8,0,2,0,0,0,0,0,0,0,1.0,VALID
0,10,10,1,1,1.0,8,0,2,0,0,0,0,0,0,0,1.0,VALID
0,10,10,1,1,1.0,8,0,2,0,0,0,0,0,0,0,1.0,VALID
0,14,14,1,1,1.0,10,0,4,0,0,0,0,0,0,0,1.0,VALID
0,14,14,1,1,1.0,10,0,4,0,0,0,0,0,0,0,1.0,VALID
0,14,14,1,1,1.0,10,0,4,0,0,0,0,0,0,0,1.0,VALID
0,14,14,1,1,1.0,10,0,4,0,0,0,0,0,0,0,1.0,VALID
0,14,14,1,1,1.0,10,0,4,0,0,0,0,0,0,0,1.0,VALID
0,14,14,1,1,1.0,10,0,4,0,0,0,0,0,0,0,1.0,VALID
0,14,14,1,1,1.0,10,0,4,0,0,0,0,0,0,0,1.0,VALID
0,14,14,1,1,1.0,10,0,4,0,0,0,0,0,0,0,1.0,VALID
0,14,14,1,1,1.0,10,0,4,0,0,0,0,0,0,0,1.0,VALID
0,14,14,1,1,1.0,10,0,4,0,0,0,0,0,0,0,1.0,VALID
0,14,14,1,1,1.0,10,0,4,0,0,0,0,0,0,0,1.0,VALID
0,14,14,1,1,1.0,10,0,4,0,0,0,0,0,0,0,1.0,VALID
0,14,14,1,1,1.0,10,0,4,0,0,0,0,0,0,0,1.0,VALID
0,14,14,1,1,1.0,10,0,4,0,0,0,0,0,0,0,1.0,VALID
0,14,14,1,1,1.0,10,0,4,0,0,0,0,0,0,0,1.0,VALID
1,1,1,1,1,1.0,0,1,0,0,0,0,0,0,0,0,1.0,VALID
1,1,1,1,1,1.0,0,1,0,0,0,0,0,0,0,0,1.0,VALID
1,1,1,1,1,1.0,0,1,0,0,0,0,0,0,0,0,1.0,VALID
1,1,1,1,1,1.0,0,1,0,0,0,0,0,0,0,0,1.0,VALID
1,1,1,1,1,1.0,0,1,0,0,0,0,0,0,0,0,1.0,VALID
1,1,1,1,1,1.0,0,1,0,0,0,0,0,0,0,0,1.0,VALID
1,1,1,1,1,1.0,0,1,0,0,0,0,0,0,0,0,1.0,VALID
1,1,1,1,1,1.0,0,1,0,0,0,0,0,0,0,0,1.0,VALID
1,1,1,1,1,1.0,0,1,0,0,0,0,0,0,0,0,1.0,VALID
1,1,1,1,1,1.0,0,1,0,0,0,0,0,0,0,0,1.0,VALID
1,1,1,1,1,1.0,0,1,0,0,0,0,0,0,0,0,1.0,VALID
1,1,1,1,1,1.0,0,1,0,0,0,0,0,0,0,0,1.0,VALID
1,1,1,1,1,1.0,0,1,0,0,0,0,0,0,0,0,1.0,VALID
1,1,1,1,1,1.0,0,1,0,0,0,0,0,0,0,0,1.0,VALID
1,1,1,1,1,1.0,0,1,0,0,0,0,0,0,0,0,1.0,VALID
1,2,2,1,1,1.0,0,2,0,0,0,0,0,0,0,0,1.0,VALID
1,2,2,1,1,1.0,0,2,0,0,0,0,0,0,0,0,1.0,VALID
1,2,2,1,1,1.0,0,2,0,0,0,0,0,0,0,0,1.0,VALID
1,2,2,1,1,1.0,0,2,0,0,0,0,0,0,0,0,1.0,VALID
1,2,2,1,1,1.0,0,2,0,0,0,0,0,0,0,0,1.0,VALID
1,2,2,1,1,1.0,0,2,0,0,0,0,0,0,0,0,1.0,VALID
1,2,2,1,1,1.0,0,2,0,0,0,0,0,0,0,0,1.0,VALID
1,2,2,1,1,1.0,0,2,0,0,0,0,0,0,0,0,1.0,VALID
1,2,2,1,1,1.0,0,2,0,0,0,0,0,0,0,0,1.0,VALID
1,2,2,1,1,1.0,0,2,0,0,0,0,0,0,0,0,1.0,VALID
1,2,2,1,1,1.0,0,2,0,0,0,0,0,0,0,0,1.0,VALID
1,2,2,1,1,1.0,0,2,0,0,0,0,0,0,0,0,1.0,VALID
1,2,2,1,1,1.0,0,2,0,0,0,0,0,0,0,0,1.0,VALID
1,2,2,1,1,1.0,0,2,0,0,0,0,0,0,0,0,1.0,VALID
1,2,2,1,1,1.0,0,2,0,0,0,0,0,0,0,0,1.0,VALID
1,5,5,1,1,1.0,0,5,0,0,0,0,0,0,0,0,1.0,VALID
1,5,5,1,1,1.0,0,5,0,0,0,0,0,0,0,0,1.0,VALID
1,5,5,1,1,1.0,0,5,0,0,0,0,0,0,0,0,1.0,VALID
1,5,5,1,1,1.0,0,5,0,0,0,0,0,0,0,0,1.0,VALID
1,5,5,1,1,1.0,0,5,0,0,0,0,0,0,0,0,1.0,VALID
1,5,5,1,1,1.0,0,5,0,0,0,0,0,0,0,0,1.0,VALID
1,5,5,1,1,1.0,0,5,0,0,0,0,0,0,0,0,1.0,VALID
1,5,5,1,1,1.0,0,5,0,0,0,0,0,0,0,0,1.0,VALID
1,5,5,1,1,1.0,0,5,0,0,0,0,0,0,0,0,1.0,VALID
1,5,5,1,1,1.0,0,5,0,0,0,0,0,0,0,0,1.0,VALID
1,5,5,1,1,1.0,0,5,0,0,0,0,0,0,0,0,1.0,VALID
1,5,5,1,1,1.0,0,5,0,0,0,0,0,0,0,0,1.0,VALID
1,5,5,1,1,1.0,0,5,0,0,0,0,0,0,0,0,1.0,VALID
1,5,5,1,1,1.0,0,5,0,0,0,0,0,0,0,0,1.0,VALID
1,5,5,1,1,1.0,0,5,0,0,0,0,0,0,0,0,1.0,VALID
1,6,6,1,1,1.0,0,6,0,0,0,0,0,0,0,0,1.0,VALID
1,6,6,1,1,1.0,0,6,0,0,0,0,0,0,0,0,1.0,VALID
1,6,6,1,1,1.0,0,6,0,0,0,0,0,0,0,0,1.0,VALID
1,6,6,1,1,1.0,0,6,0,0,0,0,0,0,0,0,1.0,VALID
1,6,6,1,1,1.0,0,6,0,0,0,0,0,0,0,0,1.0,VALID
1,6,6,1,1,1.0,0,6,0,0,0,0,0,0,0,0,1.0,VALID
1,6,6,1,1,1.0,0,6,0,0,0,0,0,0,0,0,1.0,VALID
1,6,6,1,1,1.0,0,6,0,0,0,0,0,0,0,0,1.0,VALID
1,6,6,1,1,1.0,0,6,0,0,0,0,0,0,0,0,1.0,VALID
1,6,6,1,1,1.0,0,6,0,0,0,0,0,0,0,0,1.0,VALID
1,6,6,1,1,1.0,0,6,0,0,0,0,0,0,0,0,1.0,VALID
1,6,6,1,1,1.0,0,6,0,0,0,0,0,0,0,0,1.0,VALID
1,6,6,1,1,1.0,0,6,0,0,0,0,0,0,0,0,1.0,VALID
1,6,6,1,1,1.0,0,6,0,0,0,0,0,0,0,0,1.0,VALID
1,6,6,1,1,1.0,0,6,0,0,0,0,0,0,0,0,1.0,VALID
1,10,10,1,1,1.0,0,8,2,0,0,0,0,0,0,0,1.0,VALID
1,10,10,1,1,1.0,0,8,2,0,0,0,0,0,0,0,1.0,VALID
1,10,10,1,1,1.0,0,8,2,0,0,0,0,0,0,0,1.0,VALID
1,10,10,1,1,1.0,0,8,2,0,0,0,0,0,0,0,1.0,VALID
1,10,10,1,1,1.0,0,8,2,0,0,0,0,0,0,0,1.0,VALID
1,10,10,1,1,1.0,0,8,2,0,0,0,0,0,0,0,1.0,VALID
1,10,10,1,1,1.0,0,8,2,0,0,0,0,0,0,0,1.0,VALID
1,10,10,1,1,1.0,0,8,2,0,0,0,0,0,0,0,1.0,VALID
1,10,10,1,1,1.0,0,8,2,0,0,0,0,0,0,0,1.0,VALID
1,10,10,1,1,1.0,0,8,2,0,0,0,0,0,0,0,1.0,VALID
1,10,10,1,1,1.0,0,8,2,0,0,0,0,0,0,0,1.0,VALID
1,10,10,1,1,1.0,0,8,2,0,0,0,0,0,0,0,1.0,VALID
1,10,10,1,1,1.0,0,8,2,0,0,0,0,0,0,0,1.0,VALID
1,10,10,1,1,1.0,0,8,2,0,0,0,0,0,0,0,1.0,VALID
1,10,10,1,1,1.0,0,8,2,0,0,0,0,0,0,0,1.0,VALID
0,1,1,1,1,1.0,0,0,0,1,0,0,0,1,0,0,1.0,INVALID
0,1,1,1,1,1.0,0,0,0,1,0,0,0,1,0,0,1.0,INVALID
0,1,1,1,1,1.0,0,0,0,1,0,0,0,1,0,0,1.0,INVALID
0,1,1,1,1,1.0,0,0,0,1,0,0,0,1,0,0,1.0,INVALID
0,1,1,1,1,1.0,0,0,0,1,0,0,0,1,0,0,1.0,INVALID
0,1,1,1,1,1.0,0,0,0,1,0,0,0,1,0,0,1.0,INVALID
0,1,1,1,1,1.0,0,0,0,1,0,0,0,1,0,0,1.0,INVALID
0,1,1,1,1,1.0,0,0,0,1,0,0,0,1,0,0,1.0,INVALID
0,1,1,1,1,1.0,0,0,0,1,0,0,0,1,0,0,1.0,INVALID
0,1,1,1,1,1.0,0,0,0,1,0,0,0,1,0,0,1.0,INVALID
0,1,1,1,1,1.0,0,0,0,1,0,0,0,1,0,0,1.0,INVALID
0,1,1,1,1,1.0,0,0,0,1,0,0,0,1,0,0,1.0,INVALID
0,2,2,1,1,1.0,1,0,0,1,0,0,0,1,0,0,1.0,INVALID
0,2,2,1,1,1.0,1,0,0,1,0,0,0,1,0,0,1.0,INVALID
0,2,2,1,1,1.0,1,0,0,1,0,0,0,1,0,0,1.0,INVALID
0,2,2,1,1,1.0,1,0,0,1,0,0,0,1,0,0,1.0,INVALID
0,2,2,1,1,1.0,1,0,0,1,0,0,0,1,0,0,1.0,INVALID
0,2,2,1,1,1.0,1,0,0,1,0,0,0,1,0,0,1.0,INVALID
0,2,2,1,1,1.0,1,0,0,1,0,0,0,1,0,0,1.0,INVALID
0,2,2,1,1,1.0,1,0,0,1,0,0,0,1,0,0,1.0,INVALID
0,2,2,1,1,1.0,1,0,0,1,0,0,0,1,0,0,1.0,INVALID
0,2,2,1,1,1.0,1,0,0,1,0,0,0,1,0,0,1.0,INVALID
0,2,2,1,1,1.0,1,0,0,1,0,0,0,1,0,0,1.0,INVALID
0,2,2,1,1,1.0,1,0,0,1,0,0,0,1,0,0,1.0,INVALID
0,3,3,1,1,1.0,2,0,0,1,0,0,0,1,0,0,1.0,INVALID
0,3,3,1,1,1.0,2,0,0,1,0,0,0,1,0,0,1.0,INVALID
0,3,3,1,1,1.0,2,0,0,1,0,0,0,1,0,0,1.0,INVALID
0,3,3,1,1,1.0,2,0,0,1,0,0,0,1,0,0,1.0,INVALID
0,3,3,1,1,1.0,2,0,0,1,0,0,0,1,0,0,1.0,INVALID
0,3,3,1,1,1.0,2,0,0,1,0,0,0,1,0,0,1.0,INVALID
0,3,3,1,1,1.0,2,0,0,1,0,0,0,1,0,0,1.0,INVALID
0,3,3,1,1,1.0,2,0,0,1,0,0,0,1,0,0,1.0,INVALID
0,3,3,1,1,1.0,2,0,0,1,0,0,0,1,0,0,1.0,INVALID
0,3,3,1,1,1.0,2,0,0,1,0,0,0,1,0,0,1.0,INVALID
0,3,3,1,1,1.0,2,0,0,1,0,0,0,1,0,0,1.0,INVALID
0,3,3,1,1,1.0,2,0,0,1,0,0,0,1,0,0,1.0,INVALID
0,5,5,1,1,1.0,4,0,0,1,0,0,0,1,0,0,1.0,INVALID
0,5,5,1,1,1.0,4,0,0,1,0,0,0,1,0,0,1.0,INVALID
0,5,5,1,1,1.0,4,0,0,1,0,0,0,1,0,0,1.0,INVALID
0,5,5,1,1,1.0,4,0,0,1,0,0,0,1,0,0,1.0,INVALID
0,5,5,1,1,1.0,4,0,0,1,0,0,0,1,0,0,1.0,INVALID
0,5,5,1,1,1.0,4,0,0,1,0,0,0,1,0,0,1.0,INVALID
0,5,5,1,1,1.0,4,0,0,1,0,0,0,1,0,0,1.0,INVALID
0,5,5,1,1,1.0,4,0,0,1,0,0,0,1,0,0,1.0,INVALID
0,5,5,1,1,1.0,4,0,0,1,0,0,0,1,0,0,1.0,INVALID
0,5,5,1,1,1.0,4,0,0,1,0,0,0,1,0,0,1.0,INVALID
0,5,5,1,1,1.0,4,0,0,1,0,0,0,1,0,0,1.0,INVALID
0,5,5,1,1,1.0,4,0,0,1,0,0,0,1,0,0,1.0,INVALID
0,2,2,1,1,1.0,1,0,0,0,1,0,0,1,0,0,1.0,INVALID
0,2,2,1,1,1.0,1,0,0,0,1,0,0,1,0,0,1.0,INVALID
0,2,2,1,1,1.0,1,0,0,0,1,0,0,1,0,0,1.0,INVALID
0,2,2,1,1,1.0,1,0,0,0,1,0,0,1,0,0,1.0,INVALID
0,2,2,1,1,1.0,1,0,0,0,1,0,0,1,0,0,1.0,INVALID
0,2,2,1,1,1.0,1,0,0,0,1,0,0,1,0,0,1.0,INVALID
0,2,2,1,1,1.0,1,0,0,0,1,0,0,1,0,0,1.0,INVALID
0,2,2,1,1,1.0,1,0,0,0,1,0,0,1,0,0,1.0,INVALID
0,2,2,1,1,1.0,1,0,0,0,1,0,0,1,0,0,1.0,INVALID
0,2,2,1,1,1.0,1,0,0,0,1,0,0,1,0,0,1.0,INVALID
0,5,5,1,1,1.0,4,0,0,0,1,0,0,1,0,0,1.0,INVALID
0,5,5,1,1,1.0,4,0,0,0,1,0,0,1,0,0,1.0,INVALID
0,5,5,1,1,1.0,4,0,0,0,1,0,0,1,0,0,1.0,INVALID
0,5,5,1,1,1.0,4,0,0,0,1,0,0,1,0,0,1.0,INVALID
0,5,5,1,1,1.0,4,0,0,0,1,0,0,1,0,0,1.0,INVALID
0,5,5,1,1,1.0,4,0,0,0,1,0,0,1,0,0,1.0,INVALID
0,5,5,1,1,1.0,4,0,0,0,1,0,0,1,0,0,1.0,INVALID
0,5,5,1,1,1.0,4,0,0,0,1,0,0,1,0,0,1.0,INVALID
0,5,5,1,1,1.0,4,0,0,0,1,0,0,1,0,0,1.0,INVALID
0,5,5,1,1,1.0,4,0,0,0,1,0,0,1,0,0,1.0,INVALID
0,2,2,1,1,1.0,1,0,0,0,0,1,0,1,0,0,1.0,INVALID
0,2,2,1,1,1.0,1,0,0,0,0,1,0,1,0,0,1.0,INVALID
0,2,2,1,1,1.0,1,0,0,0,0,1,0,1,0,0,1.0,INVALID
0,2,2,1,1,1.0,1,0,0,0,0,1,0,1,0,0,1.0,INVALID
0,2,2,1,1,1.0,1,0,0,0,0,1,0,1,0,0,1.0,INVALID
0,2,2,1,1,1.0,1,0,0,0,0,1,0,1,0,0,1.0,INVALID
0,2,2,1,1,1.0,1,0,0,0,0,1,0,1,0,0,1.0,INVALID
0,2,2,1,1,1.0,1,0,0,0,0,1,0,1,0,0,1.0,INVALID
0,2,2,1,1,1.0,1,0,0,0,0,1,0,1,0,0,1.0,INVALID
0,2,2,1,1,1.0,1,0,0,0,0,1,0,1,0,0,1.0,INVALID
0,5,5,1,1,1.0,4,0,0,0,0,1,0,1,0,0,1.0,INVALID
0,5,5,1,1,1.0,4,0,0,0,0,1,0,1,0,0,1.0,INVALID
0,5,5,1,1,1.0,4,0,0,0,0,1,0,1,0,0,1.0,INVALID
0,5,5,1,1,1.0,4,0,0,0,0,1,0,1,0,0,1.0,INVALID
0,5,5,1,1,1.0,4,0,0,0,0,1,0,1,0,0,1.0,INVALID
0,5,5,1,1,1.0,4,0,0,0,0,1,0,1,0,0,1.0,INVALID
0,5,5,1,1,1.0,4,0,0,0,0,1,0,1,0,0,1.0,INVALID
0,5,5,1,1,1.0,4,0,0,0,0,1,0,1,0,0,1.0,INVALID
0,5,5,1,1,1.0,4,0,0,0,0,1,0,1,0,0,1.0,INVALID
0,5,5,1,1,1.0,4,0,0,0,0,1,0,1,0,0,1.0,INVALID
0,5,5,1,1,1.0,0,0,0,0,0,0,5,5,0,0,1.0,INVALID
0,5,5,1,1,1.0,0,0,0,0,0,0,5,5,0,0,1.0,INVALID
0,5,5,1,1,1.0,0,0,0,0,0,0,5,5,0,0,1.0,INVALID
0,5,5,1,1,1.0,0,0,0,0,0,0,5,5,0,0,1.0,INVALID
0,5,5,1,1,1.0,0,0,0,0,0,0,5,5,0,0,1.0,INVALID
0,5,5,1,1,1.0,0,0,0,0,0,0,5,5,0,0,1.0,INVALID
0,5,5,1,1,1.0,0,0,0,0,0,0,5,5,0,0,1.0,INVALID
0,5,5,1,1,1.0,0,0,0,0,0,0,5,5,0,0,1.0,INVALID
0,5,5,1,1,1.0,0,0,0,0,0,0,5,5,0,0,1.0,INVALID
0,5,5,1,1,1.0,0,0,0,0,0,0,5,5,0,0,1.0,INVALID
0,12,12,1,1,1.0,0,0,0,0,0,0,12,12,0,0,1.0,INVALID
0,12,12,1,1,1.0,0,0,0,0,0,0,12,12,0,0,1.0,INVALID
0,12,12,1,1,1.0,0,0,0,0,0,0,12,12,0,0,1.0,INVALID
0,12,12,1,1,1.0,0,0,0,0,0,0,12,12,0,0,1.0,INVALID
0,12,12,1,1,1.0,0,0,0,0,0,0,12,12,0,0,1.0,INVALID
0,12,12,1,1,1.0,0,0,0,0,0,0,12,12,0,0,1.0,INVALID
0,12,12,1,1,1.0,0,0,0,0,0,0,12,12,0,0,1.0,INVALID
0,12,12,1,1,1.0,0,0,0,0,0,0,12,12,0,0,1.0,INVALID
0,12,12,1,1,1.0,0,0,0,0,0,0,12,12,0,0,1.0,INVALID
0,12,12,1,1,1.0,0,0,0,0,0,0,12,12,0,0,1.0,INVALID
0,3,3,1,1,1.0,2,0,0,1,0,0,0,1,0,0,1.0,INVALID
0,3,3,1,1,1.0,2,0,0,1,0,0,0,1,0,0,1.0,INVALID
0,3,3,1,1,1.0,2,0,0,1,0,0,0,1,0,0,1.0,INVALID
0,3,3,1,1,1.0,2,0,0,1,0,0,0,1,0,0,1.0,INVALID
0,3,3,1,1,1.0,2,0,0,1,0,0,0,1,0,0,1.0,INVALID
0,3,3,1,1,1.0,2,0,0,1,0,0,0,1,0,0,1.0,INVALID
0,3,3,1,1,1.0,2,0,0,1,0,0,0,1,0,0,1.0,INVALID
0,3,3,1,1,1.0,2,0,0,1,0,0,0,1,0,0,1.0,INVALID
0,3,3,1,1,1.0,2,0,0,1,0,0,0,1,0,0,1.0,INVALID
0,3,3,1,1,1.0,2,0,0,1,0,0,0,1,0,0,1.0,INVALID
0,3,3,1,1,1.0,2,0,0,1,0,0,0,1,0,0,1.0,INVALID
0,3,3,1,1,1.0,2,0,0,1,0,0,0,1,0,0,1.0,INVALID
0,3,3,1,1,1.0,2,0,0,1,0,0,0,1,0,0,1.0,INVALID
0,3,3,1,1,1.0,2,0,0,1,0,0,0,1,0,0,1.0,INVALID
0,3,3,1,1,1.0,2,0,0,1,0,0,0,1,0,0,1.0,INVALID
0,5,2,0,1,0.8,5,0,0,0,0,0,0,0,0,0,1.0,INVALID
0,5,2,0,1,0.8,5,0,0,0,0,0,0,0,0,0,1.0,INVALID
0,5,2,0,1,0.8,5,0,0,0,0,0,0,0,0,0,1.0,INVALID
0,5,2,0,1,0.8,5,0,0,0,0,0,0,0,0,0,1.0,INVALID
0,5,2,0,1,0.8,5,0,0,0,0,0,0,0,0,0,1.0,INVALID
0,5,2,0,1,0.8,5,0,0,0,0,0,0,0,0,0,1.0,INVALID
0,5,2,0,1,0.8,5,0,0,0,0,0,0,0,0,0,1.0,INVALID
0,5,2,0,1,0.8,5,0,0,0,0,0,0,0,0,0,1.0,INVALID
0,5,2,0,1,0.8,5,0,0,0,0,0,0,0,0,0,1.0,INVALID
0,5,2,0,1,0.8,5,0,0,0,0,0,0,0,0,0,1.0,INVALID
0,5,2,0,1,0.8,5,0,0,0,0,0,0,0,0,0,1.0,INVALID
0,5,2,0,1,0.8,5,0,0,0,0,0,0,0,0,0,1.0,INVALID
0,5,2,0,1,0.8,5,0,0,0,0,0,0,0,0,0,1.0,INVALID
0,5,2,0,1,0.8,5,0,0,0,0,0,0,0,0,0,1.0,INVALID
0,5,2,0,1,0.8,5,0,0,0,0,0,0,0,0,0,1.0,INVALID
0,2,2,1,1,1.0,0,2,0,0,0,0,0,2,0,0,1.0,INVALID
0,2,2,1,1,1.0,0,2,0,0,0,0,0,2,0,0,1.0,INVALID
0,2,2,1,1,1.0,0,2,0,0,0,0,0,2,0,0,1.0,INVALID
0,2,2,1,1,1.0,0,2,0,0,0,0,0,2,0,0,1.0,INVALID
0,2,2,1,1,1.0,0,2,0,0,0,0,0,2,0,0,1.0,INVALID
0,2,2,1,1,1.0,0,2,0,0,0,0,0,2,0,0,1.0,INVALID
0,2,2,1,1,1.0,0,2,0,0,0,0,0,2,0,0,1.0,INVALID
0,2,2,1,1,1.0,0,2,0,0,0,0,0,2,0,0,1.0,INVALID
0,2,2,1,1,1.0,0,2,0,0,0,0,0,2,0,0,1.0,INVALID
0,2,2,1,1,1.0,0,2,0,0,0,0,0,2,0,0,1.0,INVALID
0,2,2,1,1,1.0,0,2,0,0,0,0,0,2,0,0,1.0,INVALID
0,2,2,1,1,1.0,0,2,0,0,0,0,0,2,0,0,1.0,INVALID
0,1,1,1,1,1.0,0,0,0,0,0,0,0,0,1,1,0.0,NEEDS REVIEW
0,1,1,1,1,1.0,0,0,0,0,0,0,0,0,1,1,0.0,NEEDS REVIEW
0,1,1,1,1,1.0,0,0,0,0,0,0,0,0,1,1,0.0,NEEDS REVIEW
0,1,1,1,1,1.0,0,0,0,0,0,0,0,0,1,1,0.0,NEEDS REVIEW
0,1,1,1,1,1.0,0,0,0,0,0,0,0,0,1,1,0.0,NEEDS REVIEW
0,1,1,1,1,1.0,0,0,0,0,0,0,0,0,1,1,0.0,NEEDS REVIEW
0,1,1,1,1,1.0,0,0,0,0,0,0,0,0,1,1,0.0,NEEDS REVIEW
0,1,1,1,1,1.0,0,0,0,0,0,0,0,0,1,1,0.0,NEEDS REVIEW
0,1,1,1,1,1.0,0,0,0,0,0,0,0,0,1,1,0.0,NEEDS REVIEW
0,1,1,1,1,1.0,0,0,0,0,0,0,0,0,1,1,0.0,NEEDS REVIEW
0,1,1,1,1,1.0,0,0,0,0,0,0,0,0,1,1,0.0,NEEDS REVIEW
0,1,1,1,1,1.0,0,0,0,0,0,0,0,0,1,1,0.0,NEEDS REVIEW
0,1,1,1,1,1.0,0,0,0,0,0,0,0,0,1,1,0.0,NEEDS REVIEW
0,1,1,1,1,1.0,0,0,0,0,0,0,0,0,1,1,0.0,NEEDS REVIEW
0,1,1,1,1,1.0,0,0,0,0,0,0,0,0,1,1,0.0,NEEDS REVIEW
0,3,3,1,1,1.0,0,0,0,0,0,0,0,0,3,1,0.0,NEEDS REVIEW
0,3,3,1,1,1.0,0,0,0,0,0,0,0,0,3,1,0.0,NEEDS REVIEW
0,3,3,1,1,1.0,0,0,0,0,0,0,0,0,3,1,0.0,NEEDS REVIEW
0,3,3,1,1,1.0,0,0,0,0,0,0,0,0,3,1,0.0,NEEDS REVIEW
0,3,3,1,1,1.0,0,0,0,0,0,0,0,0,3,1,0.0,NEEDS REVIEW
0,3,3,1,1,1.0,0,0,0,0,0,0,0,0,3,1,0.0,NEEDS REVIEW
0,3,3,1,1,1.0,0,0,0,0,0,0,0,0,3,1,0.0,NEEDS REVIEW
0,3,3,1,1,1.0,0,0,0,0,0,0,0,0,3,1,0.0,NEEDS REVIEW
0,3,3,1,1,1.0,0,0,0,0,0,0,0,0,3,1,0.0,NEEDS REVIEW
0,3,3,1,1,1.0,0,0,0,0,0,0,0,0,3,1,0.0,NEEDS REVIEW
0,3,3,1,1,1.0,0,0,0,0,0,0,0,0,3,1,0.0,NEEDS REVIEW
0,3,3,1,1,1.0,0,0,0,0,0,0,0,0,3,1,0.0,NEEDS REVIEW
0,3,3,1,1,1.0,0,0,0,0,0,0,0,0,3,1,0.0,NEEDS REVIEW
0,3,3,1,1,1.0,0,0,0,0,0,0,0,0,3,1,0.0,NEEDS REVIEW
0,3,3,1,1,1.0,0,0,0,0,0,0,0,0,3,1,0.0,NEEDS REVIEW
0,5,5,1,1,1.0,0,0,0,0,0,0,0,0,5,1,0.0,NEEDS REVIEW
0,5,5,1,1,1.0,0,0,0,0,0,0,0,0,5,1,0.0,NEEDS REVIEW
0,5,5,1,1,1.0,0,0,0,0,0,0,0,0,5,1,0.0,NEEDS REVIEW
0,5,5,1,1,1.0,0,0,0,0,0,0,0,0,5,1,0.0,NEEDS REVIEW
0,5,5,1,1,1.0,0,0,0,0,0,0,0,0,5,1,0.0,NEEDS REVIEW
0,5,5,1,1,1.0,0,0,0,0,0,0,0,0,5,1,0.0,NEEDS REVIEW
0,5,5,1,1,1.0,0,0,0,0,0,0,0,0,5,1,0.0,NEEDS REVIEW
0,5,5,1,1,1.0,0,0,0,0,0,0,0,0,5,1,0.0,NEEDS REVIEW
0,5,5,1,1,1.0,0,0,0,0,0,0,0,0,5,1,0.0,NEEDS REVIEW
0,5,5,1,1,1.0,0,0,0,0,0,0,0,0,5,1,0.0,NEEDS REVIEW
0,5,5,1,1,1.0,0,0,0,0,0,0,0,0,5,1,0.0,NEEDS REVIEW
0,5,5,1,1,1.0,0,0,0,0,0,0,0,0,5,1,0.0,NEEDS REVIEW
0,5,5,1,1,1.0,0,0,0,0,0,0,0,0,5,1,0.0,NEEDS REVIEW
0,5,5,1,1,1.0,0,0,0,0,0,0,0,0,5,1,0.0,NEEDS REVIEW
0,5,5,1,1,1.0,0,0,0,0,0,0,0,0,5,1,0.0,NEEDS REVIEW
0,3,3,1,1,1.0,2,0,0,0,0,0,0,0,1,0,0.67,NEEDS REVIEW
0,3,3,1,1,1.0,2,0,0,0,0,0,0,0,1,0,0.67,NEEDS REVIEW
0,3,3,1,1,1.0,2,0,0,0,0,0,0,0,1,0,0.67,NEEDS REVIEW
0,3,3,1,1,1.0,2,0,0,0,0,0,0,0,1,0,0.67,NEEDS REVIEW
0,3,3,1,1,1.0,2,0,0,0,0,0,0,0,1,0,0.67,NEEDS REVIEW
0,3,3,1,1,1.0,2,0,0,0,0,0,0,0,1,0,0.67,NEEDS REVIEW
0,3,3,1,1,1.0,2,0,0,0,0,0,0,0,1,0,0.67,NEEDS REVIEW
0,3,3,1,1,1.0,2,0,0,0,0,0,0,0,1,0,0.67,NEEDS REVIEW
0,3,3,1,1,1.0,2,0,0,0,0,0,0,0,1,0,0.67,NEEDS REVIEW
0,3,3,1,1,1.0,2,0,0,0,0,0,0,0,1,0,0.67,NEEDS REVIEW
0,3,3,1,1,1.0,2,0,0,0,0,0,0,0,1,0,0.67,NEEDS REVIEW
0,3,3,1,1,1.0,2,0,0,0,0,0,0,0,1,0,0.67,NEEDS REVIEW
0,3,3,1,1,1.0,2,0,0,0,0,0,0,0,1,0,0.67,NEEDS REVIEW
0,3,3,1,1,1.0,2,0,0,0,0,0,0,0,1,0,0.67,NEEDS REVIEW
0,3,3,1,1,1.0,2,0,0,0,0,0,0,0,1,0,0.67,NEEDS REVIEW
0,2,2,1,0,0.5,0,0,0,0,0,0,0,0,2,0,0.0,NEEDS REVIEW
0,2,2,1,0,0.5,0,0,0,0,0,0,0,0,2,0,0.0,NEEDS REVIEW
0,2,2,1,0,0.5,0,0,0,0,0,0,0,0,2,0,0.0,NEEDS REVIEW
0,2,2,1,0,0.5,0,0,0,0,0,0,0,0,2,0,0.0,NEEDS REVIEW
0,2,2,1,0,0.5,0,0,0,0,0,0,0,0,2,0,0.0,NEEDS REVIEW
0,2,2,1,0,0.5,0,0,0,0,0,0,0,0,2,0,0.0,NEEDS REVIEW
0,2,2,1,0,0.5,0,0,0,0,0,0,0,0,2,0,0.0,NEEDS REVIEW
0,2,2,1,0,0.5,0,0,0,0,0,0,0,0,2,0,0.0,NEEDS REVIEW
0,2,2,1,0,0.5,0,0,0,0,0,0,0,0,2,0,0.0,NEEDS REVIEW
0,2,2,1,0,0.5,0,0,0,0,0,0,0,0,2,0,0.0,NEEDS REVIEW
0,2,2,1,0,0.5,0,0,0,0,0,0,0,0,2,0,0.0,NEEDS REVIEW
0,2,2,1,0,0.5,0,0,0,0,0,0,0,0,2,0,0.0,NEEDS REVIEW
0,2,2,1,0,0.5,0,0,0,0,0,0,0,0,2,0,0.0,NEEDS REVIEW
0,2,2,1,0,0.5,0,0,0,0,0,0,0,0,2,0,0.0,NEEDS REVIEW
0,2,2,1,0,0.5,0,0,0,0,0,0,0,0,2,0,0.0,NEEDS REVIEW
