Feedback ID,Created At,Approved At,Verification ID,Certificate ID,Faculty ID,Faculty Name,Department,Training Date,Training Program,Program Type,Presentation Rating,Coverage of Topics,Understanding Level,Understanding Reason,Future Programs,Recommended Topics,Feedback Status,Rejection Reason
TFB-20261005200711-8F1E,2026-10-05 20:07:11,2026-10-05 20:07:11,VERIF-TEST-0001,CERT-999,F001,Dr. S. Seema,CSE,01/01/2026,AI Workshop,EXTERNAL,Good,Excellent coverage.,Good,Well explained.,Yes,Deep Learning,APPROVED,
TFB-20261005200711-AB44,2026-10-05 20:07:11,,VERIF-TEST-0001,CERT-999,F001,Dr. S. Seema,CSE,01/01/2026,AI Workshop,EXTERNAL,Good,Excellent coverage.,Good,Well explained.,Yes,Deep Learning,REJECTED,Test rejection reason
TFB-20261005205147-A870,2026-10-05 20:51:47,,VERIF-20260927123333-0731,CERT-001,F012,Dr. Sushma B,,07/07/2025,Quantum Computing: A  Practical Approach,INTERNAL,Good,,Good,,Yes,,IN_PROGRESS,
TFB-20261005211705-C444,2026-10-05 21:17:05,,VERIF-20260927123334-393C,CERT-012,F025,Akshatha Kamath,,14/07/2025,ADAPTIVE LEARNING FOR ENGINEERING COURSES THROUGH AI AND ANALYTICS,INTERNAL,Good,,Good,,Yes,,IN_PROGRESS,
TFB-20261005215448-7AA6,2026-10-05 21:54:48,,VERIF-20260927123334-A00F,CERT-013,F021,Dr. Akshata S. Bhayyar,CSE,02/02/2026,AI-Driven Innovations in Healthcare System,INTERNAL,Average,,Average,not very detailed oriented,Yes,,IN_PROGRESS,
TFB-20261005223313-D86E,2026-10-05 22:33:13,,VERIF-20260927123335-AE1E,CERT-035,F012,Shagun Gupta,CSE,06/07/2026,Generative Al for Innovative Research and Intelligent Problem Solving,INTERNAL,Average,on problem solving ,Good,,Yes,enhanced and more complexity of problems,IN_PROGRESS,
TFB-20261005224326-93A7,2026-10-05 22:43:26,,VERIF-20260927123335-6D91,CERT-041,F007,Dr. S. Rajarajeswari,,13/07/2026,MAthematics in the Age of Artificial Intelligence and Quantum Computing.,INTERNAL,Very Poor,ffee,Good,grgrege,Yes,gegeg,IN_PROGRESS,
TFB-20261005224614-F77C,2026-10-05 22:46:14,,VERIF-20260927123335-9540,CERT-031,F022,Mamatha A,CSE,02/02/2026,AI-Driven Innovations in Healthcare Systems,INTERNAL,Good,gugugugug,Average,hihihi,No,hihihi,SUBMITTED,
TFB-20261005224834-5D52,2026-10-05 22:48:34,,VERIF-20260927123334-76C9,CERT-009,F021,Dr. Akshata S. Bhayyar,CSE,14/07/2025,Adaptive Learning for  Engineering courses through AI and Analytics,INTERNAL,Excellent,AAAAAAAA,Average,AAAAAAAAAAA,Yes,HHIIHIHIII,SUBMITTED,
