Verification ID,Timestamp,Certificate ID,Faculty ID,Faculty Name,FDP Name,Institution,Internal/External,Start Date,End Date,Duration (Days),ML Prediction,ML Confidence,Rule Result,Final Result,Reason,Fingerprint
VERIF-20260927123333-0731,2026-09-27 12:33:33,CERT-001,F012,Dr. Sushma B,Quantum Computing: A  Practical Approach,Ramaiah Institute of Technology,INTERNAL,07/07/2025,11/07/2025,5,VALID,100.0%,VALID,VALID,Timeline consistent and all required dates verified in attendance records.,sushma b||f012||ramaiah institute of technology||quantum computing: a practical approach||07/07/2025||11/07/2025||cert-001
VERIF-20260927123333-0C22,2026-09-27 12:33:33,CERT-002,F012,Dr. Sushma B,Adaptive Learning for  Engineering courses through AI and Analytics,Ramaiah Institute of Technology,INTERNAL,14/07/2025,18/07/2025,5,VALID,100.0%,VALID,VALID,Timeline consistent and all required dates verified in attendance records.,sushma b||f012||ramaiah institute of technology||adaptive learning for engineering courses through ai and analytics||14/07/2025||18/07/2025||cert-002
VERIF-20260927123333-7F65,2026-09-27 12:33:33,CERT-003,F012,Dr. Sushma B,Future Prospects of Green Technologies with AI and ML Applications,NIT,EXTERNAL,14/07/2025,25/07/2025,12,INVALID,56.0%,INVALID,INVALID,"Attendance conflicts detected: PRESENT on 14/07/2025; PRESENT on 15/07/2025; PRESENT on 16/07/2025; PRESENT on 17/07/2025; PRESENT on 18/07/2025, which conflict with the FDP attendance period.",sushma b||f012||nit||future prospects of green technologies with ai and ml applications||14/07/2025||25/07/2025||cert-003
VERIF-20260927123333-4493,2026-09-27 12:33:33,CERT-004,F015,Dr. Mallegowda M.,Adaptive learning for Engineering courses through AI and Analytics,Ramaiah Institute of Technology,INTERNAL,14/07/2025,18/07/2025,5,VALID,100.0%,VALID,VALID,Timeline consistent and all required dates verified in attendance records.,mallegowda m||f015||ramaiah institute of technology||adaptive learning for engineering courses through ai and analytics||14/07/2025||18/07/2025||cert-004
VERIF-20260927123333-80D1,2026-09-27 12:33:33,CERT-005,F015,Dr. Mallegowda M.,Workshop on Machine Learning,BITS Pilani Hyderabad Campus,EXTERNAL,17/07/2025,18/07/2025,2,INVALID,100.0%,INVALID,INVALID,"Attendance conflicts detected: PRESENT on 17/07/2025; PRESENT on 18/07/2025, which conflict with the FDP attendance period.",mallegowda m||f015||bits pilani hyderabad campus||workshop on machine learning||17/07/2025||18/07/2025||cert-005
VERIF-20260927123333-D87B,2026-09-27 12:33:33,CERT-006,F015,Dr. Mallegowda M.,Federated Learning for Secure and Privacy Preserving Artificial Intelligence,5,EXTERNAL,28/07/2025,01/08/2025,5,INVALID,100.0%,INVALID,INVALID,"Attendance record shows CASUAL LEAVE on 31/07/2025, which conflicts with the FDP attendance period.",mallegowda m||f015||5||federated learning for secure and privacy preserving artificial intelligence||28/07/2025||01/08/2025||cert-006
VERIF-20260927123334-FC46,2026-09-27 12:33:34,CERT-007,F027,Priya K,Adaptive Learning for Engineering Courses through AI and Analytics,Ramaiah Institute of Technology,INTERNAL,14/07/2025,18/07/2025,5,VALID,100.0%,VALID,VALID,Timeline consistent and all required dates verified in attendance records.,priya k||f027||ramaiah institute of technology||adaptive learning for engineering courses through ai and analytics||14/07/2025||18/07/2025||cert-007
VERIF-20260927123334-F007,2026-09-27 12:33:34,CERT-008,F027,Priya K,ARTIFICIAL INTELLIGENCE,TCS COMPANY,EXTERNAL,18/08/2025,17/09/2025,31,VALID,100.0%,VALID,VALID,Timeline consistent and all required dates verified in attendance records.,priya k||f027||tcs company||artificial intelligence||18/08/2025||17/09/2025||cert-008
VERIF-20260927123334-76C9,2026-09-27 12:33:34,CERT-009,F021,Dr. Akshata S. Bhayyar,Adaptive Learning for  Engineering courses through AI and Analytics,Ramaiah Institute of Technology,INTERNAL,14/07/2025,18/07/2025,5,VALID,100.0%,VALID,VALID,Timeline consistent and all required dates verified in attendance records.,akshata s bhayyar||f021||ramaiah institute of technology||adaptive learning for engineering courses through ai and analytics||14/07/2025||18/07/2025||cert-009
VERIF-20260927123334-B69D,2026-09-27 12:33:34,CERT-010,F021,Dr. Akshata S. Bhayyar,Future Prospects of Green Technologies with AI and ML Applications,"NIT, Patna",EXTERNAL,14/07/2025,25/10/2025,104,INVALID,50.0%,INVALID,INVALID,"Attendance conflicts detected: PRESENT on 14/07/2025; PRESENT on 15/07/2025; PRESENT on 16/07/2025; PRESENT on 17/07/2025; PRESENT on 18/07/2025, which conflict with the FDP attendance period.","akshata s bhayyar||f021||nit, patna||future prospects of green technologies with ai and ml applications||14/07/2025||25/10/2025||cert-010"
VERIF-20260927123334-D207,2026-09-27 12:33:34,CERT-011,F019,Nandini S B,Adaptive Learning for Engineering courses through AI and Analytics,Ramaiah Institute of Technology,INTERNAL,14/07/2025,18/07/2025,5,VALID,100.0%,VALID,VALID,Timeline consistent and all required dates verified in attendance records.,nandini s b||f019||ramaiah institute of technology||adaptive learning for engineering courses through ai and analytics||14/07/2025||18/07/2025||cert-011
VERIF-20260927123334-393C,2026-09-27 12:33:34,CERT-012,F025,Akshatha Kamath,ADAPTIVE LEARNING FOR ENGINEERING COURSES THROUGH AI AND ANALYTICS,Ramaiah Institute of Technology,INTERNAL,14/07/2025,18/07/2025,5,VALID,100.0%,VALID,VALID,Timeline consistent and all required dates verified in attendance records.,akshatha kamath||f025||ramaiah institute of technology||adaptive learning for engineering courses through ai and analytics||14/07/2025||18/07/2025||cert-012
VERIF-20260927123334-A00F,2026-09-27 12:33:34,CERT-013,F021,Dr. Akshata S. Bhayyar,AI-Driven Innovations in Healthcare System,Ramaiah Institute of Technology,INTERNAL,02/02/2026,06/03/2026,33,VALID,99.0%,VALID,VALID,Timeline consistent and all required dates verified in attendance records.,akshata s bhayyar||f021||ramaiah institute of technology||ai-driven innovations in healthcare system||02/02/2026||06/03/2026||cert-013
VERIF-20260927123334-781C,2026-09-27 12:33:34,CERT-014,F027,Priya K,AI-DRIVEN INNOVATIONS IN HEALTHCARE SYSTEMS,Ramaiah Institute of Technology,INTERNAL,02/02/2026,06/02/2026,5,VALID,100.0%,VALID,VALID,Timeline consistent and all required dates verified in attendance records.,priya k||f027||ramaiah institute of technology||ai-driven innovations in healthcare systems||02/02/2026||06/02/2026||cert-014
VERIF-20260927123334-1E33,2026-09-27 12:33:34,CERT-015,F011,Dr. Ganeshayya Shidaganti,"One Week FDP on ""Next-Generation Computing: Convergence of Quantum Technologies , AI and Quantum Machine Learning",BMS College of Engineering Bangalore,EXTERNAL,09/02/2026,13/02/2026,5,VALID,100.0%,VALID,VALID,Timeline consistent and all required dates verified in attendance records.,"ganeshayya shidaganti||f011||bms college of engineering bangalore||one week fdp on ""next-generation computing: convergence of quantum technologies , ai and quantum machine learning||09/02/2026||13/02/2026||cert-015"
VERIF-20260927123334-2551,2026-09-27 12:33:34,CERT-016,F011,Dr. Ganeshayya Shidaganti,“Empowering Educators through Emerging Technologies in the IT Industry”,Tata Consultancy Services (TCS)- BMSCE,EXTERNAL,28/07/2025,01/08/2025,5,VALID,100.0%,VALID,VALID,Timeline consistent and all required dates verified in attendance records.,ganeshayya shidaganti||f011||tata consultancy services (tcs)- bmsce||“empowering educators through emerging technologies in the it industry”||28/07/2025||01/08/2025||cert-016
VERIF-20260927123334-2C70,2026-09-27 12:33:34,CERT-017,F012,Dr. Sushma B,AI/ML - Based Controller Design and Deployment on Real-Time Platforms (AMCDDRP - 2025),National Institute of Technology,EXTERNAL,05/11/2025,09/11/2025,5,INVALID,100.0%,INVALID,INVALID,"Attendance record shows EMERGENCY LEAVE on 08/11/2025, which conflicts with the FDP attendance period.",sushma b||f012||national institute of technology||ai/ml - based controller design and deployment on real-time platforms (amcddrp - 2025)||05/11/2025||09/11/2025||cert-017
VERIF-20260927123334-F7E4,2026-09-27 12:33:34,CERT-018,F012,Dr. Sushma B,Digital Forensics in Cyber Security,ALL INDIA COUNCIL FOR TECHNICAL EDUCATION,EXTERNAL,05/01/2026,10/01/2026,6,VALID,99.0%,VALID,VALID,Timeline consistent and all required dates verified in attendance records.,sushma b||f012||all india council for technical education||digital forensics in cyber security||05/01/2026||10/01/2026||cert-018
VERIF-20260927123334-E390,2026-09-27 12:33:34,CERT-019,F012,Dr. Sushma B,AI- Driven Innovations in Healthcare Systems,Ramaiah Institute of Technology,INTERNAL,02/02/2026,06/02/2026,5,VALID,100.0%,VALID,VALID,Timeline consistent and all required dates verified in attendance records.,sushma b||f012||ramaiah institute of technology||ai- driven innovations in healthcare systems||02/02/2026||06/02/2026||cert-019
VERIF-20260927123334-A2E0,2026-09-27 12:33:34,CERT-020,F003,Dr. Shilpa Shashikant Chaudhari,Quantum Computation,"Jointly organized by E & ICT Academy, MNIT Jaipur and Andhra Pradesh State Council of Higher Education (APSCHE).",EXTERNAL,08/12/2025,31/12/2025,24,INVALID,59.0%,INVALID,INVALID,"Attendance conflicts detected: VACATION on 20/12/2025; VACATION on 21/12/2025; VACATION on 22/12/2025; VACATION on 23/12/2025; VACATION on 24/12/2025; VACATION on 25/12/2025; VACATION on 26/12/2025; VACATION on 27/12/2025; VACATION on 28/12/2025; VACATION on 29/12/2025; VACATION on 30/12/2025; VACATION on 31/12/2025, which conflict with the FDP attendance period.","shilpa shashikant chaudhari||f003||jointly organized by e & ict academy, mnit jaipur and andhra pradesh state council of higher education (apsche).||quantum computation||08/12/2025||31/12/2025||cert-020"
VERIF-20260927123334-2142,2026-09-27 12:33:34,CERT-021,F031,Swetha M,"Federated Learning: Foundations, Frameworks, and Future Directions",Ramaiah Institute of Technology,INTERNAL,05/01/2026,09/01/2026,5,VALID,100.0%,VALID,VALID,Timeline consistent and all required dates verified in attendance records.,"swetha m||f031||ramaiah institute of technology||federated learning: foundations, frameworks, and future directions||05/01/2026||09/01/2026||cert-021"
VERIF-20260927123334-7A1E,2026-09-27 12:33:34,CERT-022,F031,Swetha M,Hands-On Agentic AI Building Autonomous Systems,Ramaiah Institute of Technology,INTERNAL,27/01/2026,31/01/2026,5,VALID,100.0%,VALID,VALID,Timeline consistent and all required dates verified in attendance records.,swetha m||f031||ramaiah institute of technology||hands-on agentic ai building autonomous systems||27/01/2026||31/01/2026||cert-022
VERIF-20260927123334-CE75,2026-09-27 12:33:34,CERT-023,F031,Swetha M,AI–Driven Innovations in Healthcare Systems,Ramaiah Institute of Technology,INTERNAL,02/02/2026,06/02/2026,5,VALID,100.0%,VALID,VALID,Timeline consistent and all required dates verified in attendance records.,swetha m||f031||ramaiah institute of technology||ai–driven innovations in healthcare systems||02/02/2026||06/02/2026||cert-023
VERIF-20260927123334-30B1,2026-09-27 12:33:34,CERT-024,F010,Dr Sangeetha.V,IGNITE: Innovation and Entrepreneurship Development” (IGNITE–IED),"IEEE WIE India Council Under the Golden Jubilee Celebrations of IEEE India Council  In collaboration with  SAC, IEEE Hyderabad Section and SAC & WIE, IEEE Delhi Section",EXTERNAL,23/02/2026,27/03/2026,33,VALID,100.0%,VALID,VALID,Timeline consistent and all required dates verified in attendance records.,"sangeetha v||f010||ieee wie india council under the golden jubilee celebrations of ieee india council in collaboration with sac, ieee hyderabad section and sac & wie, ieee delhi section||ignite: innovation and entrepreneurship development” (ignite–ied)||23/02/2026||27/03/2026||cert-024"
VERIF-20260927123334-D891,2026-09-27 12:33:34,CERT-025,F021,Dr. Akshata S. Bhayyar,Full Stack Development using MERN,SwipeGen,EXTERNAL,10/03/2026,14/03/2026,5,INVALID,100.0%,INVALID,INVALID,"Attendance record shows UNPAID LEAVE on 12/03/2026, which conflicts with the FDP attendance period.",akshata s bhayyar||f021||swipegen||full stack development using mern||10/03/2026||14/03/2026||cert-025
VERIF-20260927123334-36DB,2026-09-27 12:33:34,CERT-026,F025,Akshatha Kamath,Empowering Educators through Emerging IT  Technologies,"Department of Computer Science and Business Systems,  B.M.S. College of Engineering, Bengaluru,in collaberation with TCS",EXTERNAL,28/07/2026,01/08/2026,5,NEEDS REVIEW,91.0%,NEEDS REVIEW,NEEDS REVIEW,Attendance record for 30/07/2026 is unavailable. The complete FDP period could not be verified.,"akshatha kamath||f025||department of computer science and business systems, b.m.s. college of engineering, bengaluru,in collaberation with tcs||empowering educators through emerging it technologies||28/07/2026||01/08/2026||cert-026"
VERIF-20260927123334-6036,2026-09-27 12:33:34,CERT-027,F025,Akshatha Kamath,Future Prospects of Green Technologies with AI and ML Applications”,"Electronics and ICT  Academy, NIT Patna",EXTERNAL,14/07/2025,25/07/2025,12,INVALID,56.0%,INVALID,INVALID,"Attendance conflicts detected: PRESENT on 14/07/2025; PRESENT on 15/07/2025; PRESENT on 16/07/2025; PRESENT on 17/07/2025; PRESENT on 18/07/2025, which conflict with the FDP attendance period.","akshatha kamath||f025||electronics and ict academy, nit patna||future prospects of green technologies with ai and ml applications”||14/07/2025||25/07/2025||cert-027"
VERIF-20260927123334-81E2,2026-09-27 12:33:34,CERT-028,F031,Swetha M,"Quantum Computing as a Cloud Service (QCaaS): Tools, Algorithms, and Use Cases",Ramaiah Institute of Technology,INTERNAL,02/02/2026,06/02/2026,5,VALID,100.0%,VALID,VALID,Timeline consistent and all required dates verified in attendance records.,"swetha m||f031||ramaiah institute of technology||quantum computing as a cloud service (qcaas): tools, algorithms, and use cases||02/02/2026||06/02/2026||cert-028"
VERIF-20260927123334-4920,2026-09-27 12:33:34,CERT-029,F015,Dr. Mallegowda M.,AI – DRIVEN INNOVATIONS IN HEALTHCARE SYSTEMS,Ramaiah Institute of Technology,INTERNAL,02/02/2026,06/02/2026,5,VALID,100.0%,VALID,VALID,Timeline consistent and all required dates verified in attendance records.,mallegowda m||f015||ramaiah institute of technology||ai – driven innovations in healthcare systems||02/02/2026||06/02/2026||cert-029
VERIF-20260927123335-9A32,2026-09-27 12:33:35,CERT-030,F015,Dr. Mallegowda M.,Next-Gen Cybersecurity: Challenges and Strategies in the AI Era,RVITM,EXTERNAL,17/11/2025,22/11/2025,6,VALID,100.0%,VALID,VALID,Timeline consistent and all required dates verified in attendance records.,mallegowda m||f015||rvitm||next-gen cybersecurity: challenges and strategies in the ai era||17/11/2025||22/11/2025||cert-030
VERIF-20260927123335-9540,2026-09-27 12:33:35,CERT-031,F022,Mamatha A,AI-Driven Innovations in Healthcare Systems,Ramaiah Institute of Technology,INTERNAL,02/02/2026,06/02/2026,5,VALID,100.0%,VALID,VALID,Timeline consistent and all required dates verified in attendance records.,mamatha a||f022||ramaiah institute of technology||ai-driven innovations in healthcare systems||02/02/2026||06/02/2026||cert-031
VERIF-20260927123335-E62D,2026-09-27 12:33:35,CERT-032,F011,Dr. Ganeshayya Shidaganti,Foundations of Ethical AI,IIIT-H | International Institute of Information Technology - Hyderabad,EXTERNAL,16/06/2026,19/06/2026,4,INVALID,93.0%,INVALID,INVALID,"Attendance conflicts detected: PRESENT on 18/06/2026; PRESENT on 19/06/2026, which conflict with the FDP attendance period.",ganeshayya shidaganti||f011||iiit-h | international institute of information technology - hyderabad||foundations of ethical ai||16/06/2026||19/06/2026||cert-032
VERIF-20260927123335-08CA,2026-09-27 12:33:35,CERT-033,F027,Priya K,NextGenerationDataScience:AIDrivenAnalyticsandScalableComputing,JAIN,EXTERNAL,29/06/2026,03/07/2026,5,VALID,100.0%,VALID,VALID,Timeline consistent and all required dates verified in attendance records.,priya k||f027||jain||nextgenerationdatascience:aidrivenanalyticsandscalablecomputing||29/06/2026||03/07/2026||cert-033
VERIF-20260927123335-0935,2026-09-27 12:33:35,CERT-034,F027,Priya K,Generative AI  for innovative research and intelligent probling solving,Ramaiah Institute of Technology,INTERNAL,06/07/2026,10/07/2026,5,VALID,100.0%,VALID,VALID,Timeline consistent and all required dates verified in attendance records.,priya k||f027||ramaiah institute of technology||generative ai for innovative research and intelligent probling solving||06/07/2026||10/07/2026||cert-034
VERIF-20260927123335-AE1E,2026-09-27 12:33:35,CERT-035,F012,Dr. Sushma B,Generative Al for Innovative Research and Intelligent Problem Solving,Ramaiah Institute of Technology,INTERNAL,06/07/2026,10/07/2026,5,VALID,100.0%,VALID,VALID,Timeline consistent and all required dates verified in attendance records.,sushma b||f012||ramaiah institute of technology||generative al for innovative research and intelligent problem solving||06/07/2026||10/07/2026||cert-035
VERIF-20260927123335-39E6,2026-09-27 12:33:35,CERT-036,F013,Dr. DEVARAJU B M,Agentic AI in Practice: Building and Orchestrating Intelligent Agent,Ramaiah Institute of Technology,INTERNAL,13/07/2026,17/07/2026,5,VALID,100.0%,VALID,VALID,Timeline consistent and all required dates verified in attendance records.,devaraju b m||f013||ramaiah institute of technology||agentic ai in practice: building and orchestrating intelligent agent||13/07/2026||17/07/2026||cert-036
VERIF-20260927123335-8245,2026-09-27 12:33:35,CERT-037,F013,Dr. DEVARAJU B M,Generative AI for Innovative Research and Intelligent Problem Solving,Ramaiah Institute of Technology,INTERNAL,06/07/2026,10/07/2026,5,VALID,100.0%,VALID,VALID,Timeline consistent and all required dates verified in attendance records.,devaraju b m||f013||ramaiah institute of technology||generative ai for innovative research and intelligent problem solving||06/07/2026||10/07/2026||cert-037
VERIF-20260927123335-6BE0,2026-09-27 12:33:35,CERT-038,F013,Dr. DEVARAJU B M,Hands on Generative AI: Bootcamp with Modern LLMs,Ramaiah Institute of Technology,INTERNAL,15/06/2026,19/06/2026,5,VALID,100.0%,VALID,VALID,Timeline consistent and all required dates verified in attendance records.,devaraju b m||f013||ramaiah institute of technology||hands on generative ai: bootcamp with modern llms||15/06/2026||19/06/2026||cert-038
VERIF-20260927123335-5335,2026-09-27 12:33:35,CERT-039,F032,Sahil Kumar Jamwal,"Emerging Technologies - RIS, Energy Harvesting,  Wideband and THz - for Futuristic Wireless Communications",Ramaiah Institute of Technology,INTERNAL,03/08/2026,07/08/2026,5,VALID,100.0%,VALID,VALID,Timeline consistent and all required dates verified in attendance records.,"sahil kumar jamwal||f032||ramaiah institute of technology||emerging technologies - ris, energy harvesting, wideband and thz - for futuristic wireless communications||03/08/2026||07/08/2026||cert-039"
VERIF-20260927123335-0881,2026-09-27 12:33:35,CERT-040,F007,Dr. S. Rajarajeswari,MATHEMATICS IN THE AGE OF ARTIFICIAL INTELLIGENCE AND QUANTUM COMPUTING,Ramaiah Institute of Technology,INTERNAL,13/07/2026,18/07/2026,6,VALID,100.0%,VALID,VALID,Timeline consistent and all required dates verified in attendance records.,s rajarajeswari||f007||ramaiah institute of technology||mathematics in the age of artificial intelligence and quantum computing||13/07/2026||18/07/2026||cert-040
VERIF-20260927123335-6D91,2026-09-27 12:33:35,CERT-041,F007,Dr. S. Rajarajeswari,MAthematics in the Age of Artificial Intelligence and Quantum Computing.,Ramaiah Institute of Technology,INTERNAL,13/07/2026,18/08/2026,37,VALID,99.0%,VALID,VALID,Timeline consistent and all required dates verified in attendance records.,s rajarajeswari||f007||ramaiah institute of technology||mathematics in the age of artificial intelligence and quantum computing.||13/07/2026||18/08/2026||cert-041
VERIF-20260927123335-AA0B,2026-09-27 12:33:35,CERT-042,F007,Dr. S. Rajarajeswari,Generative AI for Innovative Research and Intelligent Problem solving,Ramaiah Institute of Technology,INTERNAL,06/07/2026,10/07/2026,5,VALID,100.0%,VALID,VALID,Timeline consistent and all required dates verified in attendance records.,s rajarajeswari||f007||ramaiah institute of technology||generative ai for innovative research and intelligent problem solving||06/07/2026||10/07/2026||cert-042
VERIF-20260927124532-C2FA,2026-09-27 12:45:32,,,,,Unknown,EXTERNAL,,,0,NEEDS REVIEW,58.0%,NEEDS REVIEW,NEEDS REVIEW,Faculty could not be reliably matched with the Faculty Master.,||||unknown||||||||
VERIF-20260927124703-1E41,2026-09-27 12:47:03,,F012,Dr. Sushma B,Future Prospects of Green Technologies with AI and ML Applications,Ramaiah Institute of Technology,INTERNAL,,,0,NEEDS REVIEW,48.0%,NEEDS REVIEW,NEEDS REVIEW,FDP start/end date could not be determined.,sushma b||f012||ramaiah institute of technology||future prospects of green technologies with ai and ml applications||||||
VERIF-20260927131850-D95B,2026-09-27 13:18:50,,,Dr.,,Ramaiah Institute of Technology,INTERNAL,,,0,NEEDS REVIEW,55.0%,NEEDS REVIEW,NEEDS REVIEW,Faculty could not be reliably matched with the Faculty Master.,||||ramaiah institute of technology||||||||
VERIF-20260927132515-8F68,2026-09-27 13:25:15,,F012,Dr. Sushma B,AI- Driven Innovations in Healthcare Systems,Ramaiah Institute of Technology,INTERNAL,,,0,NEEDS REVIEW,48.0%,NEEDS REVIEW,NEEDS REVIEW,FDP start/end date could not be determined.,sushma b||f012||ramaiah institute of technology||ai- driven innovations in healthcare systems||||||
VERIF-20260927132533-00FB,2026-09-27 13:25:33,,,D DEVARATU B M for Co,Hands on Generative Al: Bootcamp with Modern LLMs,Ramaiah Institute of Technology,INTERNAL,,,0,NEEDS REVIEW,55.0%,NEEDS REVIEW,NEEDS REVIEW,Faculty could not be reliably matched with the Faculty Master.,d devaratu b m for co||||ramaiah institute of technology||hands on generative al: bootcamp with modern llms||||||
VERIF-20260927132558-9A75,2026-09-27 13:25:58,,,,,Unknown,EXTERNAL,,,0,NEEDS REVIEW,58.0%,NEEDS REVIEW,NEEDS REVIEW,Faculty could not be reliably matched with the Faculty Master.,||||unknown||||||||
VERIF-20260927134513-0F99,2026-09-27 13:45:13,,F031,Swetha M,Hands on Agentic Al: Building Autonomous Systems,Ramaiah Institute of Technology,INTERNAL,27/01/2026,31/01/2026,5,VALID,100.0%,VALID,VALID,Timeline consistent and all required dates verified in attendance records.,swetha m||f031||ramaiah institute of technology||hands on agentic al: building autonomous systems||27/01/2026||31/01/2026||
VERIF-20260927134531-2465,2026-09-27 13:45:31,,F013,Dr. DEVARAJU B M,"from 13th - 17th July 2026, organized by the Department of CSE (Artificial the Faculty Development Programme on",Ramaiah Institute of Technology,INTERNAL,13/07/2026,17/07/2026,5,VALID,100.0%,VALID,VALID,Timeline consistent and all required dates verified in attendance records.,"devaraju b m||f013||ramaiah institute of technology||from 13th - 17th july 2026, organized by the department of cse (artificial the faculty development programme on||13/07/2026||17/07/2026||"
VERIF-20260927134549-DA57,2026-09-27 13:45:49,EICT/NITP/61/25-26/3776,F012,Dr. Sushma B,Future Prospects of Green Technologies with AI and ML Applications July 14,Electronics and ICT Academy,EXTERNAL,14/07/2025,25/07/2025,12,INVALID,56.0%,INVALID,INVALID,"Attendance conflicts detected: PRESENT on 14/07/2025; PRESENT on 15/07/2025; PRESENT on 16/07/2025; PRESENT on 17/07/2025; PRESENT on 18/07/2025, which conflict with the FDP attendance period.",sushma b||f012||electronics and ict academy||future prospects of green technologies with ai and ml applications july 14||14/07/2025||25/07/2025||eict/nitp/61/25-26/3776
VERIF-20260928110238-C2D8,2026-09-28 11:02:38,CERT-008,F027,Priya K,Artificial Intelligence (Al) and recognized as a mentor in Al Thank youforyour commitment! Date:18tA,TCS COMPANY,EXTERNAL,18/08/2025,17/09/2025,31,VALID,100.0%,VALID,VALID,Timeline consistent and all required dates verified in attendance records.,priya k||f027||tcs company||artificial intelligence (al) and recognized as a mentor in al thank youforyour commitment! date:18ta||18/08/2025||17/09/2025||cert-008
VERIF-20260928110310-DA6D,2026-09-28 11:03:10,CERT-015,F011,Dr. Ganeshayya Shidaganti,"Next-Generation Computing: Convergence of Quantum Technologies, AI, and Quantum Machine Learning",Ramaiah Institute of Technology,INTERNAL,09/02/2026,13/02/2026,5,VALID,100.0%,VALID,VALID,Timeline consistent and all required dates verified in attendance records.,"ganeshayya shidaganti||f011||ramaiah institute of technology||next-generation computing: convergence of quantum technologies, ai, and quantum machine learning||09/02/2026||13/02/2026||cert-015"
VERIF-20260928110327-EB5F,2026-09-28 11:03:27,CSE/DS/FDP2026/110,F027,Priya K,(FDP) on Next Generation Data Science: AI Driven Analytics and Scalable Computing,Ramaiah Institute of Technology,INTERNAL,29/06/2026,03/07/2026,5,VALID,100.0%,VALID,VALID,Timeline consistent and all required dates verified in attendance records.,priya k||f027||ramaiah institute of technology||(fdp) on next generation data science: ai driven analytics and scalable computing||29/06/2026||03/07/2026||cse/ds/fdp2026/110
VERIF-20260928110349-405A,2026-09-28 11:03:49,CERT-014,F027,Priya K,RIT in Healthcare Systems,the Departments of Institute ofTechnology,EXTERNAL,02/02/2026,06/02/2026,5,INVALID,96.0%,INVALID,INVALID,"Attendance conflicts detected: PRESENT on 02/02/2026; PRESENT on 03/02/2026; PRESENT on 04/02/2026; PRESENT on 05/02/2026; PRESENT on 06/02/2026, which conflict with the FDP attendance period.",priya k||f027||the departments of institute oftechnology||rit in healthcare systems||02/02/2026||06/02/2026||cert-014
VERIF-20260928112659-4054,2026-09-28 11:26:59,CERT-014,F027,Priya K,AI-DRIVEN INNOVATIONS IN HEALTHCARE SYSTEMS,Ramaiah Institute of Technology,INTERNAL,02/02/2026,06/02/2026,5,VALID,100.0%,VALID,VALID,,N/A (no tracker ref),Timeline consistent and all required dates verified in attendance records.,priya k||f027||ramaiah institute of technology||ai-driven innovations in healthcare systems||02/02/2026||06/02/2026||cert-014
VERIF-20260928112725-1F5B,2026-09-28 11:27:25,CERT-017,F012,Dr. Sushma B,AI/ML - Based Controller Design and Deployment on Real-Time Platforms (AMCDDRP - 2025),National Institute of Technology,EXTERNAL,05/11/2025,09/11/2025,5,INVALID,100.0%,INVALID,INVALID,,N/A (no tracker ref),"Attendance record shows EMERGENCY LEAVE on 08/11/2025, which conflicts with the FDP attendance period.",sushma b||f012||national institute of technology||ai/ml - based controller design and deployment on real-time platforms (amcddrp - 2025)||05/11/2025||09/11/2025||cert-017
VERIF-20260928112726-B7A2,2026-09-28 11:27:26,CERT-017,F012,Dr. Sushma B,AI/ML - Based Controller Design and Deployment on Real-Time Platforms (AMCDDRP - 2025),National Institute of Technology,EXTERNAL,05/11/2025,09/11/2025,5,INVALID,100.0%,INVALID,INVALID,,N/A (no tracker ref),"Attendance record shows EMERGENCY LEAVE on 08/11/2025, which conflicts with the FDP attendance period.",sushma b||f012||national institute of technology||ai/ml - based controller design and deployment on real-time platforms (amcddrp - 2025)||05/11/2025||09/11/2025||cert-017
VERIF-20260928125022-5F63,2026-09-28 12:50:22,CERT-007,F027,Priya K,Adaptive Learning for Engineering Courses through AI and Analytics,Ramaiah Institute of Technology,INTERNAL,14/07/2025,18/07/2025,5,VALID,100.0%,VALID,VALID,,N/A (no tracker ref),Timeline consistent and all required dates verified in attendance records.,priya k||f027||ramaiah institute of technology||adaptive learning for engineering courses through ai and analytics||14/07/2025||18/07/2025||cert-007
VERIF-20260928125056-6564,2026-09-28 12:50:56,CERT-032,F011,Dr. Ganeshayya Shidaganti,Foundations of Ethical AI,IIIT-H | International Institute of Information Technology - Hyderabad,EXTERNAL,16/06/2026,19/06/2026,4,INVALID,93.0%,INVALID,INVALID,,N/A (no tracker ref),"Attendance conflicts detected: PRESENT on 18/06/2026; PRESENT on 19/06/2026, which conflict with the FDP attendance period.",ganeshayya shidaganti||f011||iiit-h | international institute of information technology - hyderabad||foundations of ethical ai||16/06/2026||19/06/2026||cert-032
VERIF-20260928125356-2178,2026-09-28 12:53:56,CERT-007,F027,Priya K,Adaptive Learning for Engineering Courses through AI and Analytics,Ramaiah Institute of Technology,INTERNAL,14/07/2025,18/07/2025,5,VALID,100.0%,VALID,VALID,,N/A (no tracker ref),Timeline consistent and all required dates verified in attendance records.,priya k||f027||ramaiah institute of technology||adaptive learning for engineering courses through ai and analytics||14/07/2025||18/07/2025||cert-007
VERIF-20260928125426-6A76,2026-09-28 12:54:26,CERT-007,F027,Priya K,Adaptive Learning for Engineering Courses through AI and Analytics,Ramaiah Institute of Technology,INTERNAL,14/07/2025,18/07/2025,5,VALID,100.0%,VALID,VALID,,N/A (no tracker ref),Timeline consistent and all required dates verified in attendance records.,priya k||f027||ramaiah institute of technology||adaptive learning for engineering courses through ai and analytics||14/07/2025||18/07/2025||cert-007
VERIF-20260928125430-BE08,2026-09-28 12:54:30,CERT-007,F027,Priya K,Adaptive Learning for Engineering Courses through AI and Analytics,Ramaiah Institute of Technology,INTERNAL,14/07/2025,18/07/2025,5,VALID,100.0%,VALID,VALID,,N/A (no tracker ref),Timeline consistent and all required dates verified in attendance records.,priya k||f027||ramaiah institute of technology||adaptive learning for engineering courses through ai and analytics||14/07/2025||18/07/2025||cert-007
VERIF-20260928125529-2DD3,2026-09-28 12:55:29,CERT-007,F027,Priya K,Adaptive Learning for Engineering Courses through AI and Analytics,Ramaiah Institute of Technology,INTERNAL,14/07/2025,18/07/2025,5,VALID,100.0%,VALID,VALID,,N/A (no tracker ref),Timeline consistent and all required dates verified in attendance records.,priya k||f027||ramaiah institute of technology||adaptive learning for engineering courses through ai and analytics||14/07/2025||18/07/2025||cert-007
VERIF-20260928125555-8DAF,2026-09-28 12:55:55,CERT-014,F027,Priya K,AI-DRIVEN INNOVATIONS IN HEALTHCARE SYSTEMS,Ramaiah Institute of Technology,INTERNAL,02/02/2026,06/02/2026,5,VALID,100.0%,VALID,VALID,,N/A (no tracker ref),Timeline consistent and all required dates verified in attendance records.,priya k||f027||ramaiah institute of technology||ai-driven innovations in healthcare systems||02/02/2026||06/02/2026||cert-014
VERIF-20260928125630-113E,2026-09-28 12:56:30,CERT-014,F027,Priya K,AI-DRIVEN INNOVATIONS IN HEALTHCARE SYSTEMS,Ramaiah Institute of Technology,INTERNAL,02/02/2026,06/02/2026,5,VALID,100.0%,VALID,VALID,,N/A (no tracker ref),Timeline consistent and all required dates verified in attendance records.,priya k||f027||ramaiah institute of technology||ai-driven innovations in healthcare systems||02/02/2026||06/02/2026||cert-014
VERIF-20260928125728-24FE,2026-09-28 12:57:28,CERT-007,F027,Priya K,Adaptive Learning for Engineering Courses through AI and Analytics,Ramaiah Institute of Technology,INTERNAL,14/07/2025,18/07/2025,5,VALID,100.0%,VALID,VALID,,N/A (no tracker ref),Timeline consistent and all required dates verified in attendance records.,priya k||f027||ramaiah institute of technology||adaptive learning for engineering courses through ai and analytics||14/07/2025||18/07/2025||cert-007
VERIF-20260928125807-49D8,2026-09-28 12:58:07,CERT-007,F027,Priya K,Adaptive Learning for Engineering Courses through AI and Analytics,Ramaiah Institute of Technology,INTERNAL,14/07/2025,18/07/2025,5,VALID,100.0%,VALID,VALID,,N/A (no tracker ref),Timeline consistent and all required dates verified in attendance records.,priya k||f027||ramaiah institute of technology||adaptive learning for engineering courses through ai and analytics||14/07/2025||18/07/2025||cert-007
VERIF-20260928125813-FD21,2026-09-28 12:58:13,CERT-007,F027,Priya K,Adaptive Learning for Engineering Courses through AI and Analytics,Ramaiah Institute of Technology,INTERNAL,14/07/2025,18/07/2025,5,VALID,100.0%,VALID,VALID,,N/A (no tracker ref),Timeline consistent and all required dates verified in attendance records.,priya k||f027||ramaiah institute of technology||adaptive learning for engineering courses through ai and analytics||14/07/2025||18/07/2025||cert-007
VERIF-20260928125829-22D7,2026-09-28 12:58:29,CERT-007,F027,Priya K,Adaptive Learning for Engineering Courses through AI and Analytics,Ramaiah Institute of Technology,INTERNAL,14/07/2025,18/07/2025,5,VALID,100.0%,VALID,VALID,,N/A (no tracker ref),Timeline consistent and all required dates verified in attendance records.,priya k||f027||ramaiah institute of technology||adaptive learning for engineering courses through ai and analytics||14/07/2025||18/07/2025||cert-007
VERIF-20260928125923-0993,2026-09-28 12:59:23,CERT-007,F027,Priya K,Adaptive Learning for Engineering Courses through AI and Analytics,Ramaiah Institute of Technology,INTERNAL,14/07/2025,18/07/2025,5,VALID,100.0%,VALID,VALID,,N/A (no tracker ref),Timeline consistent and all required dates verified in attendance records.,priya k||f027||ramaiah institute of technology||adaptive learning for engineering courses through ai and analytics||14/07/2025||18/07/2025||cert-007
VERIF-20260928130034-7372,2026-09-28 13:00:34,CERT-027,F025,Akshatha Kamath,Future Prospects of Green Technologies with AI and ML Applications”,"Electronics and ICT  Academy, NIT Patna",EXTERNAL,14/07/2025,25/07/2025,12,INVALID,56.0%,INVALID,INVALID,,N/A (no tracker ref),"Attendance conflicts detected: PRESENT on 14/07/2025; PRESENT on 15/07/2025; PRESENT on 16/07/2025; PRESENT on 17/07/2025; PRESENT on 18/07/2025, which conflict with the FDP attendance period.","akshatha kamath||f025||electronics and ict academy, nit patna||future prospects of green technologies with ai and ml applications”||14/07/2025||25/07/2025||cert-027"
VERIF-20260928130259-0B2B,2026-09-28 13:02:59,CERT-029,F015,Dr. Mallegowda M.,AI – DRIVEN INNOVATIONS IN HEALTHCARE SYSTEMS,Ramaiah Institute of Technology,INTERNAL,02/02/2026,06/02/2026,5,VALID,100.0%,VALID,VALID,,N/A (no tracker ref),Timeline consistent and all required dates verified in attendance records.,mallegowda m||f015||ramaiah institute of technology||ai – driven innovations in healthcare systems||02/02/2026||06/02/2026||cert-029
VERIF-20260929093850-74A7,2026-09-29 09:38:50,CERT-005,F015,Dr. Mallegowda M.,Workshop on Machine Learning,BITS Pilani Hyderabad Campus,EXTERNAL,17/07/2025,18/07/2025,2,INVALID,100.0%,INVALID,INVALID,,N/A (no tracker ref),"Attendance conflicts detected: PRESENT on 17/07/2025; PRESENT on 18/07/2025, which conflict with the FDP attendance period.",mallegowda m||f015||bits pilani hyderabad campus||workshop on machine learning||17/07/2025||18/07/2025||cert-005
VERIF-20260929093955-ABC2,2026-09-29 09:39:55,CERT-001,F012,Dr. Sushma B,Quantum Computing: A  Practical Approach,Ramaiah Institute of Technology,INTERNAL,07/07/2025,11/07/2025,5,VALID,100.0%,VALID,VALID,,N/A (no tracker ref),Timeline consistent and all required dates verified in attendance records.,sushma b||f012||ramaiah institute of technology||quantum computing: a practical approach||07/07/2025||11/07/2025||cert-001
VERIF-20260929094201-C65B,2026-09-29 09:42:01,CERT-001,F012,Dr. Sushma B,Quantum Computing: A  Practical Approach,Ramaiah Institute of Technology,INTERNAL,07/07/2025,11/07/2025,5,VALID,100.0%,VALID,VALID,VALID,YES,Timeline consistent and all required dates verified in attendance records.,sushma b||f012||ramaiah institute of technology||quantum computing: a practical approach||07/07/2025||11/07/2025||cert-001
VERIF-20260929094207-560C,2026-09-29 09:42:07,CERT-001,F012,Dr. Sushma B,Quantum Computing: A  Practical Approach,Ramaiah Institute of Technology,INTERNAL,07/07/2025,11/07/2025,5,VALID,100.0%,VALID,VALID,VALID,YES,Timeline consistent and all required dates verified in attendance records.,sushma b||f012||ramaiah institute of technology||quantum computing: a practical approach||07/07/2025||11/07/2025||cert-001
VERIF-20260929094220-6BEA,2026-09-29 09:42:20,CERT-002,F012,Dr. Sushma B,Adaptive Learning for  Engineering courses through AI and Analytics,Ramaiah Institute of Technology,INTERNAL,14/07/2025,18/07/2025,5,VALID,100.0%,VALID,VALID,VALID,YES,Timeline consistent and all required dates verified in attendance records.,sushma b||f012||ramaiah institute of technology||adaptive learning for engineering courses through ai and analytics||14/07/2025||18/07/2025||cert-002
VERIF-20260929094257-6E7C,2026-09-29 09:42:57,CERT-001,F012,Dr. Sushma B,Quantum Computing: A  Practical Approach,Ramaiah Institute of Technology,INTERNAL,07/07/2025,11/07/2025,5,VALID,100.0%,VALID,VALID,VALID,YES,Timeline consistent and all required dates verified in attendance records.,sushma b||f012||ramaiah institute of technology||quantum computing: a practical approach||07/07/2025||11/07/2025||cert-001
VERIF-20260929094257-0B0C,2026-09-29 09:42:57,CERT-002,F012,Dr. Sushma B,Adaptive Learning for  Engineering courses through AI and Analytics,Ramaiah Institute of Technology,INTERNAL,14/07/2025,18/07/2025,5,VALID,100.0%,VALID,VALID,VALID,YES,Timeline consistent and all required dates verified in attendance records.,sushma b||f012||ramaiah institute of technology||adaptive learning for engineering courses through ai and analytics||14/07/2025||18/07/2025||cert-002
VERIF-20260929094257-36D1,2026-09-29 09:42:57,CERT-003,F012,Dr. Sushma B,Future Prospects of Green Technologies with AI and ML Applications,NIT,EXTERNAL,14/07/2025,25/07/2025,12,INVALID,56.0%,INVALID,INVALID,INVALID,YES,"Attendance conflicts detected: PRESENT on 14/07/2025; PRESENT on 15/07/2025; PRESENT on 16/07/2025; PRESENT on 17/07/2025; PRESENT on 18/07/2025, which conflict with the FDP attendance period.",sushma b||f012||nit||future prospects of green technologies with ai and ml applications||14/07/2025||25/07/2025||cert-003
VERIF-20260929094257-8D50,2026-09-29 09:42:57,CERT-004,F015,Dr. Mallegowda M.,Adaptive learning for Engineering courses through AI and Analytics,Ramaiah Institute of Technology,INTERNAL,14/07/2025,18/07/2025,5,VALID,100.0%,VALID,VALID,VALID,YES,Timeline consistent and all required dates verified in attendance records.,mallegowda m||f015||ramaiah institute of technology||adaptive learning for engineering courses through ai and analytics||14/07/2025||18/07/2025||cert-004
VERIF-20260929094257-F6DE,2026-09-29 09:42:57,CERT-005,F015,Dr. Mallegowda M.,Workshop on Machine Learning,BITS Pilani Hyderabad Campus,EXTERNAL,17/07/2025,18/07/2025,2,INVALID,100.0%,INVALID,INVALID,INVALID,YES,"Attendance conflicts detected: PRESENT on 17/07/2025; PRESENT on 18/07/2025, which conflict with the FDP attendance period.",mallegowda m||f015||bits pilani hyderabad campus||workshop on machine learning||17/07/2025||18/07/2025||cert-005
VERIF-20260929094257-3C96,2026-09-29 09:42:57,CERT-006,F015,Dr. Mallegowda M.,Federated Learning for Secure and Privacy Preserving Artificial Intelligence,5,EXTERNAL,28/07/2025,01/08/2025,5,INVALID,100.0%,INVALID,INVALID,INVALID,YES,"Attendance record shows CASUAL LEAVE on 31/07/2025, which conflicts with the FDP attendance period.",mallegowda m||f015||5||federated learning for secure and privacy preserving artificial intelligence||28/07/2025||01/08/2025||cert-006
VERIF-20260929094257-9392,2026-09-29 09:42:57,CERT-007,F027,Priya K,Adaptive Learning for Engineering Courses through AI and Analytics,Ramaiah Institute of Technology,INTERNAL,14/07/2025,18/07/2025,5,VALID,100.0%,VALID,VALID,VALID,YES,Timeline consistent and all required dates verified in attendance records.,priya k||f027||ramaiah institute of technology||adaptive learning for engineering courses through ai and analytics||14/07/2025||18/07/2025||cert-007
VERIF-20260929094257-7152,2026-09-29 09:42:57,CERT-008,F027,Priya K,ARTIFICIAL INTELLIGENCE,TCS COMPANY,EXTERNAL,18/08/2025,17/09/2025,31,VALID,100.0%,VALID,VALID,VALID,YES,Timeline consistent and all required dates verified in attendance records.,priya k||f027||tcs company||artificial intelligence||18/08/2025||17/09/2025||cert-008
VERIF-20260929094257-2118,2026-09-29 09:42:57,CERT-009,F021,Dr. Akshata S. Bhayyar,Adaptive Learning for  Engineering courses through AI and Analytics,Ramaiah Institute of Technology,INTERNAL,14/07/2025,18/07/2025,5,VALID,100.0%,VALID,VALID,VALID,YES,Timeline consistent and all required dates verified in attendance records.,akshata s bhayyar||f021||ramaiah institute of technology||adaptive learning for engineering courses through ai and analytics||14/07/2025||18/07/2025||cert-009
VERIF-20260929094257-F24C,2026-09-29 09:42:57,CERT-010,F021,Dr. Akshata S. Bhayyar,Future Prospects of Green Technologies with AI and ML Applications,"NIT, Patna",EXTERNAL,14/07/2025,25/10/2025,104,INVALID,50.0%,INVALID,INVALID,INVALID,YES,"Attendance conflicts detected: PRESENT on 14/07/2025; PRESENT on 15/07/2025; PRESENT on 16/07/2025; PRESENT on 17/07/2025; PRESENT on 18/07/2025, which conflict with the FDP attendance period.","akshata s bhayyar||f021||nit, patna||future prospects of green technologies with ai and ml applications||14/07/2025||25/10/2025||cert-010"
VERIF-20260929094257-EA55,2026-09-29 09:42:57,CERT-011,F019,Nandini S B,Adaptive Learning for Engineering courses through AI and Analytics,Ramaiah Institute of Technology,INTERNAL,14/07/2025,18/07/2025,5,VALID,100.0%,VALID,VALID,VALID,YES,Timeline consistent and all required dates verified in attendance records.,nandini s b||f019||ramaiah institute of technology||adaptive learning for engineering courses through ai and analytics||14/07/2025||18/07/2025||cert-011
VERIF-20260929094257-5FEF,2026-09-29 09:42:57,CERT-012,F025,Akshatha Kamath,ADAPTIVE LEARNING FOR ENGINEERING COURSES THROUGH AI AND ANALYTICS,Ramaiah Institute of Technology,INTERNAL,14/07/2025,18/07/2025,5,VALID,100.0%,VALID,VALID,VALID,YES,Timeline consistent and all required dates verified in attendance records.,akshatha kamath||f025||ramaiah institute of technology||adaptive learning for engineering courses through ai and analytics||14/07/2025||18/07/2025||cert-012
VERIF-20260929094257-7F4E,2026-09-29 09:42:57,CERT-013,F021,Dr. Akshata S. Bhayyar,AI-Driven Innovations in Healthcare System,Ramaiah Institute of Technology,INTERNAL,02/02/2026,06/03/2026,33,VALID,99.0%,VALID,VALID,VALID,YES,Timeline consistent and all required dates verified in attendance records.,akshata s bhayyar||f021||ramaiah institute of technology||ai-driven innovations in healthcare system||02/02/2026||06/03/2026||cert-013
VERIF-20260929094257-E752,2026-09-29 09:42:57,CERT-014,F027,Priya K,AI-DRIVEN INNOVATIONS IN HEALTHCARE SYSTEMS,Ramaiah Institute of Technology,INTERNAL,02/02/2026,06/02/2026,5,VALID,100.0%,VALID,VALID,VALID,YES,Timeline consistent and all required dates verified in attendance records.,priya k||f027||ramaiah institute of technology||ai-driven innovations in healthcare systems||02/02/2026||06/02/2026||cert-014
VERIF-20260929094257-F31D,2026-09-29 09:42:57,CERT-015,F011,Dr. Ganeshayya Shidaganti,"One Week FDP on ""Next-Generation Computing: Convergence of Quantum Technologies , AI and Quantum Machine Learning",BMS College of Engineering Bangalore,EXTERNAL,09/02/2026,13/02/2026,5,VALID,100.0%,VALID,VALID,VALID,YES,Timeline consistent and all required dates verified in attendance records.,"ganeshayya shidaganti||f011||bms college of engineering bangalore||one week fdp on ""next-generation computing: convergence of quantum technologies , ai and quantum machine learning||09/02/2026||13/02/2026||cert-015"
VERIF-20260929094257-0409,2026-09-29 09:42:57,CERT-016,F011,Dr. Ganeshayya Shidaganti,“Empowering Educators through Emerging Technologies in the IT Industry”,Tata Consultancy Services (TCS)- BMSCE,EXTERNAL,28/07/2025,01/08/2025,5,VALID,100.0%,VALID,VALID,VALID,YES,Timeline consistent and all required dates verified in attendance records.,ganeshayya shidaganti||f011||tata consultancy services (tcs)- bmsce||“empowering educators through emerging technologies in the it industry”||28/07/2025||01/08/2025||cert-016
VERIF-20260929094257-D936,2026-09-29 09:42:57,CERT-017,F012,Dr. Sushma B,AI/ML - Based Controller Design and Deployment on Real-Time Platforms (AMCDDRP - 2025),National Institute of Technology,EXTERNAL,05/11/2025,09/11/2025,5,INVALID,100.0%,INVALID,INVALID,INVALID,YES,"Attendance record shows EMERGENCY LEAVE on 08/11/2025, which conflicts with the FDP attendance period.",sushma b||f012||national institute of technology||ai/ml - based controller design and deployment on real-time platforms (amcddrp - 2025)||05/11/2025||09/11/2025||cert-017
VERIF-20260929094257-FF7A,2026-09-29 09:42:57,CERT-018,F012,Dr. Sushma B,Digital Forensics in Cyber Security,ALL INDIA COUNCIL FOR TECHNICAL EDUCATION,EXTERNAL,05/01/2026,10/01/2026,6,VALID,99.0%,VALID,VALID,VALID,YES,Timeline consistent and all required dates verified in attendance records.,sushma b||f012||all india council for technical education||digital forensics in cyber security||05/01/2026||10/01/2026||cert-018
VERIF-20260929094257-AD1C,2026-09-29 09:42:57,CERT-019,F012,Dr. Sushma B,AI- Driven Innovations in Healthcare Systems,Ramaiah Institute of Technology,INTERNAL,02/02/2026,06/02/2026,5,VALID,100.0%,VALID,VALID,VALID,YES,Timeline consistent and all required dates verified in attendance records.,sushma b||f012||ramaiah institute of technology||ai- driven innovations in healthcare systems||02/02/2026||06/02/2026||cert-019
VERIF-20260929094257-C64A,2026-09-29 09:42:57,CERT-020,F003,Dr. Shilpa Shashikant Chaudhari,Quantum Computation,"Jointly organized by E & ICT Academy, MNIT Jaipur and Andhra Pradesh State Council of Higher Education (APSCHE).",EXTERNAL,08/12/2025,31/12/2025,24,INVALID,59.0%,INVALID,INVALID,INVALID,YES,"Attendance conflicts detected: VACATION on 20/12/2025; VACATION on 21/12/2025; VACATION on 22/12/2025; VACATION on 23/12/2025; VACATION on 24/12/2025; VACATION on 25/12/2025; VACATION on 26/12/2025; VACATION on 27/12/2025; VACATION on 28/12/2025; VACATION on 29/12/2025; VACATION on 30/12/2025; VACATION on 31/12/2025, which conflict with the FDP attendance period.","shilpa shashikant chaudhari||f003||jointly organized by e & ict academy, mnit jaipur and andhra pradesh state council of higher education (apsche).||quantum computation||08/12/2025||31/12/2025||cert-020"
VERIF-20260929094257-5CFB,2026-09-29 09:42:57,CERT-021,F031,Swetha M,"Federated Learning: Foundations, Frameworks, and Future Directions",Ramaiah Institute of Technology,INTERNAL,05/01/2026,09/01/2026,5,VALID,100.0%,VALID,VALID,VALID,YES,Timeline consistent and all required dates verified in attendance records.,"swetha m||f031||ramaiah institute of technology||federated learning: foundations, frameworks, and future directions||05/01/2026||09/01/2026||cert-021"
VERIF-20260929094257-2728,2026-09-29 09:42:57,CERT-022,F031,Swetha M,Hands-On Agentic AI Building Autonomous Systems,Ramaiah Institute of Technology,INTERNAL,27/01/2026,31/01/2026,5,VALID,100.0%,VALID,VALID,VALID,YES,Timeline consistent and all required dates verified in attendance records.,swetha m||f031||ramaiah institute of technology||hands-on agentic ai building autonomous systems||27/01/2026||31/01/2026||cert-022
VERIF-20260929094257-274F,2026-09-29 09:42:57,CERT-023,F031,Swetha M,AI–Driven Innovations in Healthcare Systems,Ramaiah Institute of Technology,INTERNAL,02/02/2026,06/02/2026,5,VALID,100.0%,VALID,VALID,VALID,YES,Timeline consistent and all required dates verified in attendance records.,swetha m||f031||ramaiah institute of technology||ai–driven innovations in healthcare systems||02/02/2026||06/02/2026||cert-023
VERIF-20260929094257-B75D,2026-09-29 09:42:57,CERT-024,F010,Dr Sangeetha.V,IGNITE: Innovation and Entrepreneurship Development” (IGNITE–IED),"IEEE WIE India Council Under the Golden Jubilee Celebrations of IEEE India Council  In collaboration with  SAC, IEEE Hyderabad Section and SAC & WIE, IEEE Delhi Section",EXTERNAL,23/02/2026,27/03/2026,33,VALID,100.0%,VALID,VALID,VALID,YES,Timeline consistent and all required dates verified in attendance records.,"sangeetha v||f010||ieee wie india council under the golden jubilee celebrations of ieee india council in collaboration with sac, ieee hyderabad section and sac & wie, ieee delhi section||ignite: innovation and entrepreneurship development” (ignite–ied)||23/02/2026||27/03/2026||cert-024"
VERIF-20260929094257-4ECE,2026-09-29 09:42:57,CERT-025,F021,Dr. Akshata S. Bhayyar,Full Stack Development using MERN,SwipeGen,EXTERNAL,10/03/2026,14/03/2026,5,INVALID,100.0%,INVALID,INVALID,INVALID,YES,"Attendance record shows UNPAID LEAVE on 12/03/2026, which conflicts with the FDP attendance period.",akshata s bhayyar||f021||swipegen||full stack development using mern||10/03/2026||14/03/2026||cert-025
VERIF-20260929094257-A268,2026-09-29 09:42:57,CERT-026,F025,Akshatha Kamath,Empowering Educators through Emerging IT  Technologies,"Department of Computer Science and Business Systems,  B.M.S. College of Engineering, Bengaluru,in collaberation with TCS",EXTERNAL,28/07/2026,01/08/2026,5,NEEDS REVIEW,91.0%,NEEDS REVIEW,NEEDS REVIEW,NEEDS REVIEW,YES,Attendance record for 30/07/2026 is unavailable. The complete FDP period could not be verified.,"akshatha kamath||f025||department of computer science and business systems, b.m.s. college of engineering, bengaluru,in collaberation with tcs||empowering educators through emerging it technologies||28/07/2026||01/08/2026||cert-026"
VERIF-20260929094257-29D3,2026-09-29 09:42:57,CERT-027,F025,Akshatha Kamath,Future Prospects of Green Technologies with AI and ML Applications”,"Electronics and ICT  Academy, NIT Patna",EXTERNAL,14/07/2025,25/07/2025,12,INVALID,56.0%,INVALID,INVALID,INVALID,YES,"Attendance conflicts detected: PRESENT on 14/07/2025; PRESENT on 15/07/2025; PRESENT on 16/07/2025; PRESENT on 17/07/2025; PRESENT on 18/07/2025, which conflict with the FDP attendance period.","akshatha kamath||f025||electronics and ict academy, nit patna||future prospects of green technologies with ai and ml applications”||14/07/2025||25/07/2025||cert-027"
VERIF-20260929094257-8343,2026-09-29 09:42:57,CERT-028,F031,Swetha M,"Quantum Computing as a Cloud Service (QCaaS): Tools, Algorithms, and Use Cases",Ramaiah Institute of Technology,INTERNAL,02/02/2026,06/02/2026,5,VALID,100.0%,VALID,VALID,VALID,YES,Timeline consistent and all required dates verified in attendance records.,"swetha m||f031||ramaiah institute of technology||quantum computing as a cloud service (qcaas): tools, algorithms, and use cases||02/02/2026||06/02/2026||cert-028"
VERIF-20260929094257-F020,2026-09-29 09:42:57,CERT-029,F015,Dr. Mallegowda M.,AI – DRIVEN INNOVATIONS IN HEALTHCARE SYSTEMS,Ramaiah Institute of Technology,INTERNAL,02/02/2026,06/02/2026,5,VALID,100.0%,VALID,VALID,VALID,YES,Timeline consistent and all required dates verified in attendance records.,mallegowda m||f015||ramaiah institute of technology||ai – driven innovations in healthcare systems||02/02/2026||06/02/2026||cert-029
VERIF-20260929094257-A978,2026-09-29 09:42:57,CERT-030,F015,Dr. Mallegowda M.,Next-Gen Cybersecurity: Challenges and Strategies in the AI Era,RVITM,EXTERNAL,17/11/2025,22/11/2025,6,VALID,100.0%,VALID,VALID,VALID,YES,Timeline consistent and all required dates verified in attendance records.,mallegowda m||f015||rvitm||next-gen cybersecurity: challenges and strategies in the ai era||17/11/2025||22/11/2025||cert-030
VERIF-20260929094257-C69C,2026-09-29 09:42:57,CERT-031,F022,Mamatha A,AI-Driven Innovations in Healthcare Systems,Ramaiah Institute of Technology,INTERNAL,02/02/2026,06/02/2026,5,VALID,100.0%,VALID,VALID,VALID,YES,Timeline consistent and all required dates verified in attendance records.,mamatha a||f022||ramaiah institute of technology||ai-driven innovations in healthcare systems||02/02/2026||06/02/2026||cert-031
VERIF-20260929094257-49E4,2026-09-29 09:42:57,CERT-032,F011,Dr. Ganeshayya Shidaganti,Foundations of Ethical AI,IIIT-H | International Institute of Information Technology - Hyderabad,EXTERNAL,16/06/2026,19/06/2026,4,INVALID,93.0%,INVALID,INVALID,INVALID,YES,"Attendance conflicts detected: PRESENT on 18/06/2026; PRESENT on 19/06/2026, which conflict with the FDP attendance period.",ganeshayya shidaganti||f011||iiit-h | international institute of information technology - hyderabad||foundations of ethical ai||16/06/2026||19/06/2026||cert-032
VERIF-20260929094257-D991,2026-09-29 09:42:57,CERT-033,F027,Priya K,NextGenerationDataScience:AIDrivenAnalyticsandScalableComputing,JAIN,EXTERNAL,29/06/2026,03/07/2026,5,VALID,100.0%,VALID,VALID,VALID,YES,Timeline consistent and all required dates verified in attendance records.,priya k||f027||jain||nextgenerationdatascience:aidrivenanalyticsandscalablecomputing||29/06/2026||03/07/2026||cert-033
VERIF-20260929094257-1D32,2026-09-29 09:42:57,CERT-034,F027,Priya K,Generative AI  for innovative research and intelligent probling solving,Ramaiah Institute of Technology,INTERNAL,06/07/2026,10/07/2026,5,VALID,100.0%,VALID,VALID,VALID,YES,Timeline consistent and all required dates verified in attendance records.,priya k||f027||ramaiah institute of technology||generative ai for innovative research and intelligent probling solving||06/07/2026||10/07/2026||cert-034
VERIF-20260929094257-3AEA,2026-09-29 09:42:57,CERT-035,F012,Dr. Sushma B,Generative Al for Innovative Research and Intelligent Problem Solving,Ramaiah Institute of Technology,INTERNAL,06/07/2026,10/07/2026,5,VALID,100.0%,VALID,VALID,VALID,YES,Timeline consistent and all required dates verified in attendance records.,sushma b||f012||ramaiah institute of technology||generative al for innovative research and intelligent problem solving||06/07/2026||10/07/2026||cert-035
VERIF-20260929094257-77DC,2026-09-29 09:42:57,CERT-036,F013,Dr. DEVARAJU B M,Agentic AI in Practice: Building and Orchestrating Intelligent Agent,Ramaiah Institute of Technology,INTERNAL,13/07/2026,17/07/2026,5,VALID,100.0%,VALID,VALID,VALID,YES,Timeline consistent and all required dates verified in attendance records.,devaraju b m||f013||ramaiah institute of technology||agentic ai in practice: building and orchestrating intelligent agent||13/07/2026||17/07/2026||cert-036
VERIF-20260929094257-2DD1,2026-09-29 09:42:57,CERT-037,F013,Dr. DEVARAJU B M,Generative AI for Innovative Research and Intelligent Problem Solving,Ramaiah Institute of Technology,INTERNAL,06/07/2026,10/07/2026,5,VALID,100.0%,VALID,VALID,VALID,YES,Timeline consistent and all required dates verified in attendance records.,devaraju b m||f013||ramaiah institute of technology||generative ai for innovative research and intelligent problem solving||06/07/2026||10/07/2026||cert-037
VERIF-20260929094257-6EA2,2026-09-29 09:42:57,CERT-038,F013,Dr. DEVARAJU B M,Hands on Generative AI: Bootcamp with Modern LLMs,Ramaiah Institute of Technology,INTERNAL,15/06/2026,19/06/2026,5,VALID,100.0%,VALID,VALID,VALID,YES,Timeline consistent and all required dates verified in attendance records.,devaraju b m||f013||ramaiah institute of technology||hands on generative ai: bootcamp with modern llms||15/06/2026||19/06/2026||cert-038
VERIF-20260929094257-D75A,2026-09-29 09:42:57,CERT-039,F032,Sahil Kumar Jamwal,"Emerging Technologies - RIS, Energy Harvesting,  Wideband and THz - for Futuristic Wireless Communications",Ramaiah Institute of Technology,INTERNAL,03/08/2026,07/08/2026,5,VALID,100.0%,VALID,VALID,VALID,YES,Timeline consistent and all required dates verified in attendance records.,"sahil kumar jamwal||f032||ramaiah institute of technology||emerging technologies - ris, energy harvesting, wideband and thz - for futuristic wireless communications||03/08/2026||07/08/2026||cert-039"
VERIF-20260929094257-8C99,2026-09-29 09:42:57,CERT-040,F007,Dr. S. Rajarajeswari,MATHEMATICS IN THE AGE OF ARTIFICIAL INTELLIGENCE AND QUANTUM COMPUTING,Ramaiah Institute of Technology,INTERNAL,13/07/2026,18/07/2026,6,VALID,100.0%,VALID,VALID,VALID,YES,Timeline consistent and all required dates verified in attendance records.,s rajarajeswari||f007||ramaiah institute of technology||mathematics in the age of artificial intelligence and quantum computing||13/07/2026||18/07/2026||cert-040
VERIF-20260929094257-E6B6,2026-09-29 09:42:57,CERT-041,F007,Dr. S. Rajarajeswari,MAthematics in the Age of Artificial Intelligence and Quantum Computing.,Ramaiah Institute of Technology,INTERNAL,13/07/2026,18/08/2026,37,VALID,99.0%,VALID,VALID,VALID,YES,Timeline consistent and all required dates verified in attendance records.,s rajarajeswari||f007||ramaiah institute of technology||mathematics in the age of artificial intelligence and quantum computing.||13/07/2026||18/08/2026||cert-041
VERIF-20260929094257-6AA4,2026-09-29 09:42:57,CERT-042,F007,Dr. S. Rajarajeswari,Generative AI for Innovative Research and Intelligent Problem solving,Ramaiah Institute of Technology,INTERNAL,06/07/2026,10/07/2026,5,VALID,100.0%,VALID,VALID,VALID,YES,Timeline consistent and all required dates verified in attendance records.,s rajarajeswari||f007||ramaiah institute of technology||generative ai for innovative research and intelligent problem solving||06/07/2026||10/07/2026||cert-042
VERIF-20260929094301-EF1B,2026-09-29 09:43:01,CERT-001,F012,Dr. Sushma B,Quantum Computing: A  Practical Approach,Ramaiah Institute of Technology,INTERNAL,07/07/2025,11/07/2025,5,VALID,100.0%,VALID,VALID,VALID,YES,Timeline consistent and all required dates verified in attendance records.,sushma b||f012||ramaiah institute of technology||quantum computing: a practical approach||07/07/2025||11/07/2025||cert-001
VERIF-20260929094301-EA49,2026-09-29 09:43:01,CERT-002,F012,Dr. Sushma B,Adaptive Learning for  Engineering courses through AI and Analytics,Ramaiah Institute of Technology,INTERNAL,14/07/2025,18/07/2025,5,VALID,100.0%,VALID,VALID,VALID,YES,Timeline consistent and all required dates verified in attendance records.,sushma b||f012||ramaiah institute of technology||adaptive learning for engineering courses through ai and analytics||14/07/2025||18/07/2025||cert-002
VERIF-20260929094301-F101,2026-09-29 09:43:01,CERT-003,F012,Dr. Sushma B,Future Prospects of Green Technologies with AI and ML Applications,NIT,EXTERNAL,14/07/2025,25/07/2025,12,INVALID,56.0%,INVALID,INVALID,INVALID,YES,"Attendance conflicts detected: PRESENT on 14/07/2025; PRESENT on 15/07/2025; PRESENT on 16/07/2025; PRESENT on 17/07/2025; PRESENT on 18/07/2025, which conflict with the FDP attendance period.",sushma b||f012||nit||future prospects of green technologies with ai and ml applications||14/07/2025||25/07/2025||cert-003
VERIF-20260929094301-55EE,2026-09-29 09:43:01,CERT-004,F015,Dr. Mallegowda M.,Adaptive learning for Engineering courses through AI and Analytics,Ramaiah Institute of Technology,INTERNAL,14/07/2025,18/07/2025,5,VALID,100.0%,VALID,VALID,VALID,YES,Timeline consistent and all required dates verified in attendance records.,mallegowda m||f015||ramaiah institute of technology||adaptive learning for engineering courses through ai and analytics||14/07/2025||18/07/2025||cert-004
VERIF-20260929094301-2AB3,2026-09-29 09:43:01,CERT-005,F015,Dr. Mallegowda M.,Workshop on Machine Learning,BITS Pilani Hyderabad Campus,EXTERNAL,17/07/2025,18/07/2025,2,INVALID,100.0%,INVALID,INVALID,INVALID,YES,"Attendance conflicts detected: PRESENT on 17/07/2025; PRESENT on 18/07/2025, which conflict with the FDP attendance period.",mallegowda m||f015||bits pilani hyderabad campus||workshop on machine learning||17/07/2025||18/07/2025||cert-005
VERIF-20260929094301-BC4E,2026-09-29 09:43:01,CERT-006,F015,Dr. Mallegowda M.,Federated Learning for Secure and Privacy Preserving Artificial Intelligence,5,EXTERNAL,28/07/2025,01/08/2025,5,INVALID,100.0%,INVALID,INVALID,INVALID,YES,"Attendance record shows CASUAL LEAVE on 31/07/2025, which conflicts with the FDP attendance period.",mallegowda m||f015||5||federated learning for secure and privacy preserving artificial intelligence||28/07/2025||01/08/2025||cert-006
VERIF-20260929094301-2E02,2026-09-29 09:43:01,CERT-007,F027,Priya K,Adaptive Learning for Engineering Courses through AI and Analytics,Ramaiah Institute of Technology,INTERNAL,14/07/2025,18/07/2025,5,VALID,100.0%,VALID,VALID,VALID,YES,Timeline consistent and all required dates verified in attendance records.,priya k||f027||ramaiah institute of technology||adaptive learning for engineering courses through ai and analytics||14/07/2025||18/07/2025||cert-007
VERIF-20260929094301-992E,2026-09-29 09:43:01,CERT-008,F027,Priya K,ARTIFICIAL INTELLIGENCE,TCS COMPANY,EXTERNAL,18/08/2025,17/09/2025,31,VALID,100.0%,VALID,VALID,VALID,YES,Timeline consistent and all required dates verified in attendance records.,priya k||f027||tcs company||artificial intelligence||18/08/2025||17/09/2025||cert-008
VERIF-20260929094301-5B39,2026-09-29 09:43:01,CERT-009,F021,Dr. Akshata S. Bhayyar,Adaptive Learning for  Engineering courses through AI and Analytics,Ramaiah Institute of Technology,INTERNAL,14/07/2025,18/07/2025,5,VALID,100.0%,VALID,VALID,VALID,YES,Timeline consistent and all required dates verified in attendance records.,akshata s bhayyar||f021||ramaiah institute of technology||adaptive learning for engineering courses through ai and analytics||14/07/2025||18/07/2025||cert-009
VERIF-20260929094301-C230,2026-09-29 09:43:01,CERT-010,F021,Dr. Akshata S. Bhayyar,Future Prospects of Green Technologies with AI and ML Applications,"NIT, Patna",EXTERNAL,14/07/2025,25/10/2025,104,INVALID,50.0%,INVALID,INVALID,INVALID,YES,"Attendance conflicts detected: PRESENT on 14/07/2025; PRESENT on 15/07/2025; PRESENT on 16/07/2025; PRESENT on 17/07/2025; PRESENT on 18/07/2025, which conflict with the FDP attendance period.","akshata s bhayyar||f021||nit, patna||future prospects of green technologies with ai and ml applications||14/07/2025||25/10/2025||cert-010"
VERIF-20260929094301-7E3C,2026-09-29 09:43:01,CERT-011,F019,Nandini S B,Adaptive Learning for Engineering courses through AI and Analytics,Ramaiah Institute of Technology,INTERNAL,14/07/2025,18/07/2025,5,VALID,100.0%,VALID,VALID,VALID,YES,Timeline consistent and all required dates verified in attendance records.,nandini s b||f019||ramaiah institute of technology||adaptive learning for engineering courses through ai and analytics||14/07/2025||18/07/2025||cert-011
VERIF-20260929094301-96D2,2026-09-29 09:43:01,CERT-012,F025,Akshatha Kamath,ADAPTIVE LEARNING FOR ENGINEERING COURSES THROUGH AI AND ANALYTICS,Ramaiah Institute of Technology,INTERNAL,14/07/2025,18/07/2025,5,VALID,100.0%,VALID,VALID,VALID,YES,Timeline consistent and all required dates verified in attendance records.,akshatha kamath||f025||ramaiah institute of technology||adaptive learning for engineering courses through ai and analytics||14/07/2025||18/07/2025||cert-012
VERIF-20260929094301-32D7,2026-09-29 09:43:01,CERT-013,F021,Dr. Akshata S. Bhayyar,AI-Driven Innovations in Healthcare System,Ramaiah Institute of Technology,INTERNAL,02/02/2026,06/03/2026,33,VALID,99.0%,VALID,VALID,VALID,YES,Timeline consistent and all required dates verified in attendance records.,akshata s bhayyar||f021||ramaiah institute of technology||ai-driven innovations in healthcare system||02/02/2026||06/03/2026||cert-013
VERIF-20260929094301-5EA1,2026-09-29 09:43:01,CERT-014,F027,Priya K,AI-DRIVEN INNOVATIONS IN HEALTHCARE SYSTEMS,Ramaiah Institute of Technology,INTERNAL,02/02/2026,06/02/2026,5,VALID,100.0%,VALID,VALID,VALID,YES,Timeline consistent and all required dates verified in attendance records.,priya k||f027||ramaiah institute of technology||ai-driven innovations in healthcare systems||02/02/2026||06/02/2026||cert-014
VERIF-20260929094301-7190,2026-09-29 09:43:01,CERT-015,F011,Dr. Ganeshayya Shidaganti,"One Week FDP on ""Next-Generation Computing: Convergence of Quantum Technologies , AI and Quantum Machine Learning",BMS College of Engineering Bangalore,EXTERNAL,09/02/2026,13/02/2026,5,VALID,100.0%,VALID,VALID,VALID,YES,Timeline consistent and all required dates verified in attendance records.,"ganeshayya shidaganti||f011||bms college of engineering bangalore||one week fdp on ""next-generation computing: convergence of quantum technologies , ai and quantum machine learning||09/02/2026||13/02/2026||cert-015"
VERIF-20260929094301-2138,2026-09-29 09:43:01,CERT-016,F011,Dr. Ganeshayya Shidaganti,“Empowering Educators through Emerging Technologies in the IT Industry”,Tata Consultancy Services (TCS)- BMSCE,EXTERNAL,28/07/2025,01/08/2025,5,VALID,100.0%,VALID,VALID,VALID,YES,Timeline consistent and all required dates verified in attendance records.,ganeshayya shidaganti||f011||tata consultancy services (tcs)- bmsce||“empowering educators through emerging technologies in the it industry”||28/07/2025||01/08/2025||cert-016
VERIF-20260929094301-24B6,2026-09-29 09:43:01,CERT-017,F012,Dr. Sushma B,AI/ML - Based Controller Design and Deployment on Real-Time Platforms (AMCDDRP - 2025),National Institute of Technology,EXTERNAL,05/11/2025,09/11/2025,5,INVALID,100.0%,INVALID,INVALID,INVALID,YES,"Attendance record shows EMERGENCY LEAVE on 08/11/2025, which conflicts with the FDP attendance period.",sushma b||f012||national institute of technology||ai/ml - based controller design and deployment on real-time platforms (amcddrp - 2025)||05/11/2025||09/11/2025||cert-017
VERIF-20260929094301-57CB,2026-09-29 09:43:01,CERT-018,F012,Dr. Sushma B,Digital Forensics in Cyber Security,ALL INDIA COUNCIL FOR TECHNICAL EDUCATION,EXTERNAL,05/01/2026,10/01/2026,6,VALID,99.0%,VALID,VALID,VALID,YES,Timeline consistent and all required dates verified in attendance records.,sushma b||f012||all india council for technical education||digital forensics in cyber security||05/01/2026||10/01/2026||cert-018
VERIF-20260929094301-724E,2026-09-29 09:43:01,CERT-019,F012,Dr. Sushma B,AI- Driven Innovations in Healthcare Systems,Ramaiah Institute of Technology,INTERNAL,02/02/2026,06/02/2026,5,VALID,100.0%,VALID,VALID,VALID,YES,Timeline consistent and all required dates verified in attendance records.,sushma b||f012||ramaiah institute of technology||ai- driven innovations in healthcare systems||02/02/2026||06/02/2026||cert-019
VERIF-20260929094301-249C,2026-09-29 09:43:01,CERT-020,F003,Dr. Shilpa Shashikant Chaudhari,Quantum Computation,"Jointly organized by E & ICT Academy, MNIT Jaipur and Andhra Pradesh State Council of Higher Education (APSCHE).",EXTERNAL,08/12/2025,31/12/2025,24,INVALID,59.0%,INVALID,INVALID,INVALID,YES,"Attendance conflicts detected: VACATION on 20/12/2025; VACATION on 21/12/2025; VACATION on 22/12/2025; VACATION on 23/12/2025; VACATION on 24/12/2025; VACATION on 25/12/2025; VACATION on 26/12/2025; VACATION on 27/12/2025; VACATION on 28/12/2025; VACATION on 29/12/2025; VACATION on 30/12/2025; VACATION on 31/12/2025, which conflict with the FDP attendance period.","shilpa shashikant chaudhari||f003||jointly organized by e & ict academy, mnit jaipur and andhra pradesh state council of higher education (apsche).||quantum computation||08/12/2025||31/12/2025||cert-020"
VERIF-20260929094301-4625,2026-09-29 09:43:01,CERT-021,F031,Swetha M,"Federated Learning: Foundations, Frameworks, and Future Directions",Ramaiah Institute of Technology,INTERNAL,05/01/2026,09/01/2026,5,VALID,100.0%,VALID,VALID,VALID,YES,Timeline consistent and all required dates verified in attendance records.,"swetha m||f031||ramaiah institute of technology||federated learning: foundations, frameworks, and future directions||05/01/2026||09/01/2026||cert-021"
VERIF-20260929094301-C3DF,2026-09-29 09:43:01,CERT-022,F031,Swetha M,Hands-On Agentic AI Building Autonomous Systems,Ramaiah Institute of Technology,INTERNAL,27/01/2026,31/01/2026,5,VALID,100.0%,VALID,VALID,VALID,YES,Timeline consistent and all required dates verified in attendance records.,swetha m||f031||ramaiah institute of technology||hands-on agentic ai building autonomous systems||27/01/2026||31/01/2026||cert-022
VERIF-20260929094301-9F0B,2026-09-29 09:43:01,CERT-023,F031,Swetha M,AI–Driven Innovations in Healthcare Systems,Ramaiah Institute of Technology,INTERNAL,02/02/2026,06/02/2026,5,VALID,100.0%,VALID,VALID,VALID,YES,Timeline consistent and all required dates verified in attendance records.,swetha m||f031||ramaiah institute of technology||ai–driven innovations in healthcare systems||02/02/2026||06/02/2026||cert-023
VERIF-20260929094301-E65B,2026-09-29 09:43:01,CERT-024,F010,Dr Sangeetha.V,IGNITE: Innovation and Entrepreneurship Development” (IGNITE–IED),"IEEE WIE India Council Under the Golden Jubilee Celebrations of IEEE India Council  In collaboration with  SAC, IEEE Hyderabad Section and SAC & WIE, IEEE Delhi Section",EXTERNAL,23/02/2026,27/03/2026,33,VALID,100.0%,VALID,VALID,VALID,YES,Timeline consistent and all required dates verified in attendance records.,"sangeetha v||f010||ieee wie india council under the golden jubilee celebrations of ieee india council in collaboration with sac, ieee hyderabad section and sac & wie, ieee delhi section||ignite: innovation and entrepreneurship development” (ignite–ied)||23/02/2026||27/03/2026||cert-024"
VERIF-20260929094301-0494,2026-09-29 09:43:01,CERT-025,F021,Dr. Akshata S. Bhayyar,Full Stack Development using MERN,SwipeGen,EXTERNAL,10/03/2026,14/03/2026,5,INVALID,100.0%,INVALID,INVALID,INVALID,YES,"Attendance record shows UNPAID LEAVE on 12/03/2026, which conflicts with the FDP attendance period.",akshata s bhayyar||f021||swipegen||full stack development using mern||10/03/2026||14/03/2026||cert-025
VERIF-20260929094301-5080,2026-09-29 09:43:01,CERT-026,F025,Akshatha Kamath,Empowering Educators through Emerging IT  Technologies,"Department of Computer Science and Business Systems,  B.M.S. College of Engineering, Bengaluru,in collaberation with TCS",EXTERNAL,28/07/2026,01/08/2026,5,NEEDS REVIEW,91.0%,NEEDS REVIEW,NEEDS REVIEW,NEEDS REVIEW,YES,Attendance record for 30/07/2026 is unavailable. The complete FDP period could not be verified.,"akshatha kamath||f025||department of computer science and business systems, b.m.s. college of engineering, bengaluru,in collaberation with tcs||empowering educators through emerging it technologies||28/07/2026||01/08/2026||cert-026"
VERIF-20260929094301-B1CA,2026-09-29 09:43:01,CERT-027,F025,Akshatha Kamath,Future Prospects of Green Technologies with AI and ML Applications”,"Electronics and ICT  Academy, NIT Patna",EXTERNAL,14/07/2025,25/07/2025,12,INVALID,56.0%,INVALID,INVALID,INVALID,YES,"Attendance conflicts detected: PRESENT on 14/07/2025; PRESENT on 15/07/2025; PRESENT on 16/07/2025; PRESENT on 17/07/2025; PRESENT on 18/07/2025, which conflict with the FDP attendance period.","akshatha kamath||f025||electronics and ict academy, nit patna||future prospects of green technologies with ai and ml applications”||14/07/2025||25/07/2025||cert-027"
VERIF-20260929094301-4A82,2026-09-29 09:43:01,CERT-028,F031,Swetha M,"Quantum Computing as a Cloud Service (QCaaS): Tools, Algorithms, and Use Cases",Ramaiah Institute of Technology,INTERNAL,02/02/2026,06/02/2026,5,VALID,100.0%,VALID,VALID,VALID,YES,Timeline consistent and all required dates verified in attendance records.,"swetha m||f031||ramaiah institute of technology||quantum computing as a cloud service (qcaas): tools, algorithms, and use cases||02/02/2026||06/02/2026||cert-028"
VERIF-20260929094301-C16E,2026-09-29 09:43:01,CERT-029,F015,Dr. Mallegowda M.,AI – DRIVEN INNOVATIONS IN HEALTHCARE SYSTEMS,Ramaiah Institute of Technology,INTERNAL,02/02/2026,06/02/2026,5,VALID,100.0%,VALID,VALID,VALID,YES,Timeline consistent and all required dates verified in attendance records.,mallegowda m||f015||ramaiah institute of technology||ai – driven innovations in healthcare systems||02/02/2026||06/02/2026||cert-029
VERIF-20260929094301-18CA,2026-09-29 09:43:01,CERT-030,F015,Dr. Mallegowda M.,Next-Gen Cybersecurity: Challenges and Strategies in the AI Era,RVITM,EXTERNAL,17/11/2025,22/11/2025,6,VALID,100.0%,VALID,VALID,VALID,YES,Timeline consistent and all required dates verified in attendance records.,mallegowda m||f015||rvitm||next-gen cybersecurity: challenges and strategies in the ai era||17/11/2025||22/11/2025||cert-030
VERIF-20260929094301-8C76,2026-09-29 09:43:01,CERT-031,F022,Mamatha A,AI-Driven Innovations in Healthcare Systems,Ramaiah Institute of Technology,INTERNAL,02/02/2026,06/02/2026,5,VALID,100.0%,VALID,VALID,VALID,YES,Timeline consistent and all required dates verified in attendance records.,mamatha a||f022||ramaiah institute of technology||ai-driven innovations in healthcare systems||02/02/2026||06/02/2026||cert-031
VERIF-20260929094301-F1AB,2026-09-29 09:43:01,CERT-032,F011,Dr. Ganeshayya Shidaganti,Foundations of Ethical AI,IIIT-H | International Institute of Information Technology - Hyderabad,EXTERNAL,16/06/2026,19/06/2026,4,INVALID,93.0%,INVALID,INVALID,INVALID,YES,"Attendance conflicts detected: PRESENT on 18/06/2026; PRESENT on 19/06/2026, which conflict with the FDP attendance period.",ganeshayya shidaganti||f011||iiit-h | international institute of information technology - hyderabad||foundations of ethical ai||16/06/2026||19/06/2026||cert-032
VERIF-20260929094301-2A5A,2026-09-29 09:43:01,CERT-033,F027,Priya K,NextGenerationDataScience:AIDrivenAnalyticsandScalableComputing,JAIN,EXTERNAL,29/06/2026,03/07/2026,5,VALID,100.0%,VALID,VALID,VALID,YES,Timeline consistent and all required dates verified in attendance records.,priya k||f027||jain||nextgenerationdatascience:aidrivenanalyticsandscalablecomputing||29/06/2026||03/07/2026||cert-033
VERIF-20260929094301-D01E,2026-09-29 09:43:01,CERT-034,F027,Priya K,Generative AI  for innovative research and intelligent probling solving,Ramaiah Institute of Technology,INTERNAL,06/07/2026,10/07/2026,5,VALID,100.0%,VALID,VALID,VALID,YES,Timeline consistent and all required dates verified in attendance records.,priya k||f027||ramaiah institute of technology||generative ai for innovative research and intelligent probling solving||06/07/2026||10/07/2026||cert-034
VERIF-20260929094301-4FBD,2026-09-29 09:43:01,CERT-035,F012,Dr. Sushma B,Generative Al for Innovative Research and Intelligent Problem Solving,Ramaiah Institute of Technology,INTERNAL,06/07/2026,10/07/2026,5,VALID,100.0%,VALID,VALID,VALID,YES,Timeline consistent and all required dates verified in attendance records.,sushma b||f012||ramaiah institute of technology||generative al for innovative research and intelligent problem solving||06/07/2026||10/07/2026||cert-035
VERIF-20260929094301-DCFD,2026-09-29 09:43:01,CERT-036,F013,Dr. DEVARAJU B M,Agentic AI in Practice: Building and Orchestrating Intelligent Agent,Ramaiah Institute of Technology,INTERNAL,13/07/2026,17/07/2026,5,VALID,100.0%,VALID,VALID,VALID,YES,Timeline consistent and all required dates verified in attendance records.,devaraju b m||f013||ramaiah institute of technology||agentic ai in practice: building and orchestrating intelligent agent||13/07/2026||17/07/2026||cert-036
VERIF-20260929094301-963F,2026-09-29 09:43:01,CERT-037,F013,Dr. DEVARAJU B M,Generative AI for Innovative Research and Intelligent Problem Solving,Ramaiah Institute of Technology,INTERNAL,06/07/2026,10/07/2026,5,VALID,100.0%,VALID,VALID,VALID,YES,Timeline consistent and all required dates verified in attendance records.,devaraju b m||f013||ramaiah institute of technology||generative ai for innovative research and intelligent problem solving||06/07/2026||10/07/2026||cert-037
VERIF-20260929094301-2E3E,2026-09-29 09:43:01,CERT-038,F013,Dr. DEVARAJU B M,Hands on Generative AI: Bootcamp with Modern LLMs,Ramaiah Institute of Technology,INTERNAL,15/06/2026,19/06/2026,5,VALID,100.0%,VALID,VALID,VALID,YES,Timeline consistent and all required dates verified in attendance records.,devaraju b m||f013||ramaiah institute of technology||hands on generative ai: bootcamp with modern llms||15/06/2026||19/06/2026||cert-038
VERIF-20260929094301-7722,2026-09-29 09:43:01,CERT-039,F032,Sahil Kumar Jamwal,"Emerging Technologies - RIS, Energy Harvesting,  Wideband and THz - for Futuristic Wireless Communications",Ramaiah Institute of Technology,INTERNAL,03/08/2026,07/08/2026,5,VALID,100.0%,VALID,VALID,VALID,YES,Timeline consistent and all required dates verified in attendance records.,"sahil kumar jamwal||f032||ramaiah institute of technology||emerging technologies - ris, energy harvesting, wideband and thz - for futuristic wireless communications||03/08/2026||07/08/2026||cert-039"
VERIF-20260929094301-9B52,2026-09-29 09:43:01,CERT-040,F007,Dr. S. Rajarajeswari,MATHEMATICS IN THE AGE OF ARTIFICIAL INTELLIGENCE AND QUANTUM COMPUTING,Ramaiah Institute of Technology,INTERNAL,13/07/2026,18/07/2026,6,VALID,100.0%,VALID,VALID,VALID,YES,Timeline consistent and all required dates verified in attendance records.,s rajarajeswari||f007||ramaiah institute of technology||mathematics in the age of artificial intelligence and quantum computing||13/07/2026||18/07/2026||cert-040
VERIF-20260929094301-0C03,2026-09-29 09:43:01,CERT-041,F007,Dr. S. Rajarajeswari,MAthematics in the Age of Artificial Intelligence and Quantum Computing.,Ramaiah Institute of Technology,INTERNAL,13/07/2026,18/08/2026,37,VALID,99.0%,VALID,VALID,VALID,YES,Timeline consistent and all required dates verified in attendance records.,s rajarajeswari||f007||ramaiah institute of technology||mathematics in the age of artificial intelligence and quantum computing.||13/07/2026||18/08/2026||cert-041
VERIF-20260929094301-4A94,2026-09-29 09:43:01,CERT-042,F007,Dr. S. Rajarajeswari,Generative AI for Innovative Research and Intelligent Problem solving,Ramaiah Institute of Technology,INTERNAL,06/07/2026,10/07/2026,5,VALID,100.0%,VALID,VALID,VALID,YES,Timeline consistent and all required dates verified in attendance records.,s rajarajeswari||f007||ramaiah institute of technology||generative ai for innovative research and intelligent problem solving||06/07/2026||10/07/2026||cert-042
VERIF-20260929094318-B78D,2026-09-29 09:43:18,,F001,Dr. S. Seema,AI/ML Faculty Development Program,NIT Surathkal,EXTERNAL,10/09/2026,12/09/2026,3,INVALID,100.0%,INVALID,INVALID,,N/A (no tracker ref),"Attendance record shows Casual Leave on 12/09/2026, which conflicts with the FDP attendance period.",s seema||f001||nit surathkal||ai/ml faculty development program||10/09/2026||12/09/2026||
VERIF-20260929094320-BEF6,2026-09-29 09:43:20,,F012,Dr. Sushma B,Quantum Computing: A Practical Approach,Ramaiah Institute of Technology,INTERNAL,07/07/2025,11/07/2025,5,VALID,100.0%,VALID,VALID,,N/A (no tracker ref),Timeline consistent and all required dates verified in attendance records.,sushma b||f012||ramaiah institute of technology||quantum computing: a practical approach||07/07/2025||11/07/2025||
VERIF-20260929094321-7A04,2026-09-29 09:43:21,,F005,Nagabhushan A. M,Edge AI Systems,External Tech Institute,EXTERNAL,10/09/2026,12/09/2026,3,NEEDS REVIEW,100.0%,NEEDS REVIEW,NEEDS REVIEW,,N/A (no tracker ref),Attendance record for 12/09/2026 is unavailable. The complete FDP period could not be verified.,nagabhushan a m||f005||external tech institute||edge ai systems||10/09/2026||12/09/2026||
VERIF-20260929094323-DE1C,2026-09-29 09:43:23,,F002,Dr. Monica R. Mundada,Cloud Architectures & DevOps,External University,EXTERNAL,10/09/2026,12/09/2026,3,NEEDS REVIEW,100.0%,NEEDS REVIEW,NEEDS REVIEW,,N/A (no tracker ref),Attendance records for September 2026 are unavailable. The certificate cannot be automatically verified against attendance data.,monica r mundada||f002||external university||cloud architectures & devops||10/09/2026||12/09/2026||
VERIF-20260929095210-A87F,2026-09-29 09:52:10,CERT-005,F015,Dr. Mallegowda M.,Workshop on Machine Learning,BITS Pilani Hyderabad Campus,EXTERNAL,17/07/2025,18/07/2025,2,INVALID,100.0%,INVALID,INVALID,,N/A (no tracker ref),"Attendance conflicts detected: PRESENT on 17/07/2025; PRESENT on 18/07/2025, which conflict with the FDP attendance period.",mallegowda m||f015||bits pilani hyderabad campus||workshop on machine learning||17/07/2025||18/07/2025||cert-005
VERIF-20260929095234-4C71,2026-09-29 09:52:34,CERT-005,F015,Dr. Mallegowda M.,Workshop on Machine Learning,BITS Pilani Hyderabad Campus,EXTERNAL,17/07/2025,18/07/2025,2,INVALID,100.0%,INVALID,INVALID,,N/A (no tracker ref),"Attendance conflicts detected: PRESENT on 17/07/2025; PRESENT on 18/07/2025, which conflict with the FDP attendance period.",mallegowda m||f015||bits pilani hyderabad campus||workshop on machine learning||17/07/2025||18/07/2025||cert-005
VERIF-20260929095241-DACA,2026-09-29 09:52:41,CERT-001,F012,Dr. Sushma B,Quantum Computing: A  Practical Approach,Ramaiah Institute of Technology,INTERNAL,07/07/2025,11/07/2025,5,VALID,100.0%,VALID,VALID,,N/A (no tracker ref),Timeline consistent and all required dates verified in attendance records.,sushma b||f012||ramaiah institute of technology||quantum computing: a practical approach||07/07/2025||11/07/2025||cert-001
VERIF-20261005224445-776E,2026-10-05 22:44:45,,F011,Dr. Ganeshayya Shidaganti,Quantum Computing & AI Convergence,BMS College of Engineering Bangalore,EXTERNAL,09/02/2026,13/02/2026,5,VALID,100.0%,VALID,VALID,,N/A (no tracker ref),Timeline consistent and all required dates verified in attendance records.,ganeshayya shidaganti||f011||bms college of engineering bangalore||quantum computing & ai convergence||09/02/2026||13/02/2026||
VERIF-20261005224452-6564,2026-10-05 22:44:52,,F015,Dr. Mallegowda M.,Privacy Preserving AI,IIT Hyderabad,EXTERNAL,28/07/2025,01/08/2025,5,INVALID,100.0%,INVALID,INVALID,,N/A (no tracker ref),"Attendance record shows CASUAL LEAVE on 31/07/2025, which conflicts with the FDP attendance period.",mallegowda m||f015||iit hyderabad||privacy preserving ai||28/07/2025||01/08/2025||
